mmsi,name,vessel_type,gov_category,flag_mid,flag_en,flag_zh,max_risk_score,risk_level,days_seen,cable_loiter_hours,cable_loiter_avg_speed_kn,cable_loiter_events,cables_nearby,offshore_loiter_days,non_top10_flag,sanctioned,departure_port,departure_time_utc,arrival_port,arrival_time_utc,time_at_sea_hours,time_at_sea_note,last_lat,last_lon,last_zone,last_seen_utc
350179000,MMSI-350179000,tanker,,350,Unknown,未知,27,critical,1,7.3,1.5,2,apcn-2;seamewe-3;taiwan-penghu-kinmen-matsu-no-3-tpkm3,0.0,1,1,,,,,547.5,未觀測到靠港,22.824962,118.233132,eez,2026-08-31T04:58:30.564755+00:00
100900000,HOSM AIS TEST SHIP,cargo,,100,Unknown,未知,26,critical,1,18.8,3.0,0,apcn-2;southeast-asia-japan-cable-2-sjc2;taiwan-penghu-kinmen-matsu-no-3-tpkm3,0.0,1,0,八斗子漁港 Badouzi,2026-08-27T19:20:13.721508+00:00,,,75.3,,25.121983,119.173217,eez,2026-08-31T01:00:40.959031+00:00
200042240,MMSI-200042240,cargo,,200,Unknown,未知,25,critical,1,5.8,1.1,1,apcn-2;flag-north-asia-loopreach-north-asia-loop;seamewe-3,0.0,1,0,蘇澳港 Suao,2026-08-31T01:00:40.959031+00:00,,,0.0,,24.473512,121.863928,territorial_sea,2026-08-31T04:58:30.564755+00:00
357817958,MMSI-357817958,cargo,,357,Panama,巴拿馬,25,critical,1,0,,0,taiwan-penghu-kinmen-matsu-no-2-tpkm2;taiwan-penghu-kinmen-matsu-no-3-tpkm3,0.0,0,0,,,,,333.7,未觀測到靠港,24.926985,119.395713,eez,2026-08-30T05:34:21.607312+00:00
412906383,XINGHAI95,cargo,,412,China,中國,25,critical,1,6.1,1.5,0,taiwan-matsu-no-4;taiwan-penghu-kinmen-matsu-no-3-tpkm3;taiwan-strait-express-1-tse-1,0.0,0,0,青帆漁港 Qingfan,2026-08-27T08:42:36.751075+00:00,,,11.3,,26.071248,119.965247,eez,2026-08-29T18:01:43.259492+00:00
608683405,83405,cargo,,608,Unknown,未知,25,critical,1,6.8,4.0,0,taiwan-penghu-kinmen-matsu-no-3-tpkm3;taiwan-strait-express-1-tse-1,0.0,1,0,,,,,146.2,未觀測到靠港,25.898482,119.709035,eez,2026-08-22T07:06:41.885734+00:00
620999902,.MAGICIAN  66,cargo,,620,Comoros,葛摩,25,critical,1,59.8,3.2,1,eac-c2c;taiwan-penghu-kinmen-matsu-no-3-tpkm3;taiwan-strait-express-1-tse-1,0.0,1,0,,,,,540.3,未觀測到靠港,22.70836,120.161773,internal_waters,2026-08-30T21:44:18.641860+00:00
671368100,LEONA NO.2,tanker,,671,Togo,多哥,24,critical,1,4.9,4.3,1,taiwan-penghu-kinmen-matsu-no-2-tpkm2;taiwan-penghu-kinmen-matsu-no-3-tpkm3,22.4,1,0,,,,,547.5,未觀測到靠港,22.750638,120.154977,internal_waters,2026-08-31T04:58:30.564755+00:00
412440140,SEYCHELLESPROSPERITY,tanker,,412,China,中國,23,critical,1,4.0,3.1,0,apcn-2;taiwan-penghu-kinmen-matsu-no-2-tpkm2;taiwan-penghu-kinmen-matsu-no-3-tpkm3,0.0,0,0,廈門 Xiamen,2026-08-25T11:18:15.165846+00:00,廈門 Xiamen,2026-08-28T05:01:48.482487+00:00,57.0,,24.414428,118.085572,eez,2026-08-28T05:01:48.482487+00:00
412522610,YING HAI 59,cargo,,412,China,中國,23,critical,1,66.8,0.2,2,taiwan-penghu-kinmen-matsu-no-2-tpkm2;taiwan-penghu-kinmen-matsu-no-3-tpkm3,0.0,0,0,廈門 Xiamen,2026-08-28T10:54:45.526448+00:00,,,65.4,,23.559557,119.668452,internal_waters,2026-08-31T04:58:30.564755+00:00
413701510,XIANG YANG HONG 03,research,research,413,China,中國,23,critical,1,5.9,2.5,1,apcn-2;flag-north-asia-loopreach-north-asia-loop;h2-cable,0.0,0,0,,,,,284.1,未觀測到靠港,21.57408,120.20027,eez,2026-08-30T21:44:18.641860+00:00
413875017,CHINACOASTGUARD1306,coastguard,coastguard,413,China,中國,23,critical,1,0,,0,apcn-2;flag-north-asia-loopreach-north-asia-loop;h2-cable,0.0,0,0,,,,,132.1,未觀測到靠港,23.76282,122.99919,eez,2026-08-24T13:42:25.715728+00:00
416168800,RONG BANG NO 5,special,,416,Taiwan,台灣,23,critical,1,59.5,1.1,1,taiwan-penghu-kinmen-matsu-no-3-tpkm3;taiwan-strait-express-1-tse-1,0.0,0,0,青帆漁港 Qingfan,2026-08-28T05:01:48.482487+00:00,,,46.3,,26.20471,119.967355,eez,2026-08-31T04:58:30.564755+00:00
574006350,MMSI-574006350,tanker,,574,Vietnam,越南,23,critical,1,54.5,1.8,0,eac-c2c;taiwan-penghu-kinmen-matsu-no-3-tpkm3;taiwan-strait-express-1-tse-1,0.0,1,0,,,,,163.4,未觀測到靠港,22.82361,117.678733,eez,2026-08-15T04:53:28.629700+00:00
200041726,MMSI-200041726,cargo,,200,Unknown,未知,22,critical,1,3.5,1.4,0,taiwan-penghu-kinmen-matsu-no-3-tpkm3,1.1,1,0,講美漁港 Jiangmei,2026-08-26T08:05:51.405078+00:00,,,0.0,,23.757428,119.561433,internal_waters,2026-08-27T04:09:01.110749+00:00
412441638,MINLIANYUYUN60430,cargo,,412,China,中國,22,critical,1,5.5,2.6,0,taiwan-matsu-no-4;taiwan-penghu-kinmen-matsu-no-3-tpkm3;taiwan-strait-express-1-tse-1,0.0,0,0,,,,,291.3,未觀測到靠港,26.37815,119.95677,eez,2026-08-31T04:58:30.564755+00:00
413005665,SHUNXING056,cargo,,413,China,中國,22,critical,1,3.5,2.4,0,taiwan-strait-express-1-tse-1,0.0,0,0,,,,,346.7,未觀測到靠港,26.176103,119.762987,eez,2026-08-30T14:06:31.206236+00:00
413276610,NANHANG757,cargo,,413,China,中國,22,critical,1,15.5,0.9,1,taiwan-penghu-kinmen-matsu-no-2-tpkm2;taiwan-penghu-kinmen-matsu-no-3-tpkm3;taiwan-strait-express-1-tse-1,0.0,0,0,湄洲灣泉港 Meizhouwan,2026-08-25T19:28:24.092970+00:00,,,99.6,,23.530005,117.41812,eez,2026-08-30T00:54:50.080310+00:00
413332760,HUI DE,cargo,,413,China,中國,22,critical,1,8.4,1.5,0,apcn-2;taiwan-penghu-kinmen-matsu-no-3-tpkm3;taiwan-strait-express-1-tse-1,0.0,0,0,高雄港 Kaohsiung,2026-08-30T14:06:31.206236+00:00,,,13.1,,24.2839,120.473685,internal_waters,2026-08-31T04:58:30.564755+00:00
413405390,ZHONG HAI YOU 698,tanker,,413,China,中國,22,critical,1,8.8,0.8,1,taiwan-penghu-kinmen-matsu-no-2-tpkm2;taiwan-penghu-kinmen-matsu-no-3-tpkm3;taiwan-strait-express-1-tse-1,0.0,0,0,閩江口錨地 Minjiangkou,2026-08-24T07:34:00.582328+00:00,,,137.7,,26.404802,119.951307,eez,2026-08-31T04:58:30.564755+00:00
413875037,CHINACOASTGUARD2305,coastguard,coastguard,413,China,中國,22,critical,1,0,,0,taiwan-penghu-kinmen-matsu-no-2-tpkm2;taiwan-penghu-kinmen-matsu-no-3-tpkm3;taiwan-strait-express-1-tse-1,0.0,0,0,,,,,66.1,未觀測到靠港,25.7577,120.36907,eez,2026-08-28T11:34:06.990542+00:00
461000231,ZALIV ANIVA,tanker,,461,Oman,阿曼,22,critical,1,7.6,0.9,0,apcn-2;flag-north-asia-loopreach-north-asia-loop;seamewe-3,0.0,1,1,,,,,89.6,未觀測到靠港,23.780093,122.913942,eez,2026-08-12T03:01:44.258989+00:00
477957600,DONG FANG XIAMEN,cargo,,477,Hong Kong,香港,22,critical,1,4.1,0.0,0,eac-c2c;taiwan-penghu-kinmen-matsu-no-2-tpkm2;taiwan-penghu-kinmen-matsu-no-3-tpkm3,0.0,0,0,小港臨海新村漁港 Xiaogang,2026-08-30T05:34:21.607312+00:00,,,16.9,,26.027067,119.827683,eez,2026-08-31T04:58:30.564755+00:00
563062700,ALS VENUS,cargo,,563,Singapore,新加坡,22,critical,1,3.1,1.1,0,apcn-2;southeast-asia-japan-cable-2-sjc2;taiwan-penghu-kinmen-matsu-no-3-tpkm3,0.0,0,0,台中港 Taichung,2026-08-21T19:19:16.495479+00:00,,,9.9,,22.988268,117.255865,eez,2026-08-22T07:06:41.885734+00:00
563223600,MAERSK EL BANCO,cargo,,563,Singapore,新加坡,22,critical,1,32.3,1.0,0,eac-c2c;taiwan-penghu-kinmen-matsu-no-2-tpkm2;trans-pacific-express-tpe-cable-system,5.5,0,0,廈門 Xiamen,2026-08-23T05:51:54.225811+00:00,,,6.3,,23.195663,117.740982,eez,2026-08-23T13:25:34.381599+00:00
620999966,HAI XIN,cargo,,620,Comoros,葛摩,22,critical,1,120.8,0.2,0,taiwan-penghu-kinmen-matsu-no-3-tpkm3,22.4,1,0,,,,,547.5,未觀測到靠港,22.720915,120.1661,internal_waters,2026-08-31T04:58:30.564755+00:00
636093166,AL DHAIL,cargo,,636,Liberia,賴比瑞亞,22,critical,1,16.1,2.3,0,flag-north-asia-loopreach-north-asia-loop;seamewe-3;taiwan-penghu-kinmen-matsu-no-2-tpkm2,0.0,0,0,,,,,310.6,未觀測到靠港,22.106487,119.572813,eez,2026-08-21T08:02:28.875662+00:00
357057000,GOLDEN TIDE,tanker,,357,Panama,巴拿馬,21,critical,1,7.6,2.9,0,taiwan-penghu-kinmen-matsu-no-3-tpkm3;taiwan-strait-express-1-tse-1;trans-pacific-express-tpe-cable-system,0.0,0,0,,,,,253.9,未觀測到靠港,24.518263,120.204468,territorial_sea,2026-08-23T04:07:26.915880+00:00
412447667,MINLIANYU66588,cargo,,412,China,中國,21,critical,1,9.3,2.9,2,taiwan-matsu-no-4;taiwan-penghu-kinmen-matsu-no-2-tpkm2;taiwan-penghu-kinmen-matsu-no-3-tpkm3,0.0,0,0,,,,,291.3,未觀測到靠港,26.46104,120.74617,eez,2026-08-31T04:58:30.564755+00:00
412592490,HAI YANG 09,cargo,,412,China,中國,21,critical,1,7.7,3.4,0,cross-straits-cable-network;taiwan-penghu-kinmen-matsu-no-2-tpkm2;taiwan-penghu-kinmen-matsu-no-3-tpkm3,0.0,0,0,大嶝/圍頭灣 Weitou,2026-08-30T21:44:18.641860+00:00,,,4.0,,24.367665,118.497907,eez,2026-08-31T04:58:30.564755+00:00
413239110,HONGYUANCHANGSHENG,cargo,,413,China,中國,21,critical,1,15.5,0.4,1,taiwan-penghu-kinmen-matsu-no-2-tpkm2;taiwan-penghu-kinmen-matsu-no-3-tpkm3;taiwan-strait-express-1-tse-1,0.0,0,0,莆田湄洲灣 Putian,2026-08-29T18:01:43.259492+00:00,,,31.6,,26.10225,119.68107,eez,2026-08-31T04:58:30.564755+00:00
413250840,DONGSHAN 55,cargo,,413,China,中國,21,critical,1,14.2,0.6,2,apcn-2;taiwan-penghu-kinmen-matsu-no-3-tpkm3;taiwan-strait-express-1-tse-1,0.0,0,0,台北港 Taipei,2026-08-23T08:54:12.553213+00:00,,,174.6,,25.30907,121.723147,internal_waters,2026-08-30T15:52:29.078583+00:00
413702940,HUA XIN 116,cargo,,413,China,中國,21,critical,1,8.8,0.2,1,cross-straits-cable-network;taiwan-penghu-kinmen-matsu-no-2-tpkm2;taiwan-penghu-kinmen-matsu-no-3-tpkm3,0.0,0,0,福州馬尾 Fuzhou-Mawei,2026-08-29T18:01:43.259492+00:00,同安灣/廈門灣北 Tongan,2026-08-30T21:44:18.641860+00:00,20.9,,24.52131,118.081267,eez,2026-08-31T04:58:30.564755+00:00
413706320,DONG SHAN 25,cargo,,413,China,中國,21,critical,1,111.3,0.3,1,taiwan-penghu-kinmen-matsu-no-2-tpkm2;taiwan-penghu-kinmen-matsu-no-3-tpkm3;taiwan-strait-express-1-tse-1,0.0,0,0,馬祖福澳港 Matsu,2026-08-31T01:00:40.959031+00:00,,,0.0,,26.161467,119.90613,eez,2026-08-31T04:58:30.564755+00:00
477057900,HUA HANG 6,cargo,,477,Hong Kong,香港,21,critical,1,4.5,2.3,1,apcn-2;taiwan-penghu-kinmen-matsu-no-3-tpkm3;taiwan-strait-express-1-tse-1,0.0,0,0,廈門 Xiamen,2026-08-30T00:54:50.080310+00:00,,,7.1,,24.713548,119.63933,eez,2026-08-30T12:03:28.899785+00:00
477271500,DONG FANG FUZHOU,cargo,,477,Hong Kong,香港,21,critical,1,29.1,0.7,0,taiwan-penghu-kinmen-matsu-no-2-tpkm2;taiwan-penghu-kinmen-matsu-no-3-tpkm3,0.0,0,0,小港臨海新村漁港 Xiaogang,2026-08-29T14:05:09.589216+00:00,廈門 Xiamen,2026-08-31T01:00:40.959031+00:00,29.7,,24.502828,118.073762,eez,2026-08-31T04:58:30.564755+00:00
477630400,A KEIGA,cargo,,477,Hong Kong,香港,21,critical,1,9.1,0.0,0,eac-c2c;taiwan-penghu-kinmen-matsu-no-2-tpkm2;taiwan-penghu-kinmen-matsu-no-3-tpkm3,0.0,0,0,福州馬尾 Fuzhou-Mawei,2026-08-30T12:03:28.899785+00:00,,,7.6,,25.376073,119.369672,eez,2026-08-30T21:44:18.641860+00:00
538009126,W KYRENIA,cargo,,538,Marshall Islands,馬紹爾群島,21,critical,1,22.0,0.6,0,taiwan-penghu-kinmen-matsu-no-3-tpkm3,0.0,0,0,,,,,89.6,未觀測到靠港,26.450193,119.88829,eez,2026-08-12T03:01:44.258989+00:00
620999315,MEDNA,tanker,,620,Comoros,葛摩,21,critical,1,19.9,1.5,0,apcn-2;orca;tpu,0.0,1,1,,,,,220.6,未觀測到靠港,20.914685,120.958228,eez,2026-08-22T07:06:41.885734+00:00
219734000,ALVA MAERSK,cargo,,219,Unknown,未知,20,critical,1,3.9,0.9,0,eac-c2c;taiwan-penghu-kinmen-matsu-no-2-tpkm2;taiwan-penghu-kinmen-matsu-no-3-tpkm3,0.0,1,0,,,,,343.7,未觀測到靠港,23.08979,117.653287,eez,2026-08-22T17:12:26.267485+00:00
412359140,YANG HAI 668,cargo,,412,China,中國,20,critical,1,1.2,,0,taiwan-matsu-no-4;taiwan-penghu-kinmen-matsu-no-3-tpkm3,0.0,0,0,,,,,321.1,未觀測到靠港,26.459808,120.507333,eez,2026-08-29T18:01:43.259492+00:00
457900638,SHENGJIA,cargo,,457,Jordan,約旦,20,critical,1,0,,0,taiwan-penghu-kinmen-matsu-no-3-tpkm3,17.1,1,0,,,,,540.3,未觀測到靠港,24.111568,120.083197,internal_waters,2026-08-30T21:44:18.641860+00:00
677016400,ADA,cargo,,677,Tanzania,坦尚尼亞,20,critical,1,6.5,2.2,0,eac-c2c;taiwan-penghu-kinmen-matsu-no-3-tpkm3;trans-pacific-express-tpe-cable-system,0.0,1,0,,,,,547.5,未觀測到靠港,22.771502,120.143973,internal_waters,2026-08-31T04:58:30.564755+00:00
255916549,MMSI-255916549,cargo,,255,Unknown,未知,19,critical,1,0,,0,taiwan-penghu-kinmen-matsu-no-3-tpkm3,0.0,1,0,,,,,527.5,未觀測到靠港,26.435435,119.834413,eez,2026-08-30T05:34:21.607312+00:00
352001221,PRINCE CHARMING,tanker,,352,Panama,巴拿馬,19,critical,1,1.6,,0,taiwan-penghu-kinmen-matsu-no-2-tpkm2;taiwan-penghu-kinmen-matsu-no-3-tpkm3,0.0,0,0,,,,,547.5,未觀測到靠港,23.366997,119.18996,territorial_sea,2026-08-31T04:58:30.564755+00:00
403512001,NCC NOOR,tanker,,403,Saudi Arabia,沙烏地阿拉伯,19,critical,1,3.7,0.9,0,eac-c2c;hong-kong-americas-hka;taiwan-penghu-kinmen-matsu-no-3-tpkm3,0.0,1,0,莆田湄洲灣 Putian,2026-08-20T11:18:17.276599+00:00,,,16.4,,22.072122,119.543467,eez,2026-08-21T05:00:30.100916+00:00
412666888,MIN,fishing,,412,China,中國,19,critical,1,6.3,1.2,0,taiwan-penghu-kinmen-matsu-no-3-tpkm3;taiwan-strait-express-1-tse-1,0.0,0,0,馬祖福澳港 Matsu,2026-08-30T00:54:50.080310+00:00,,,0.0,,26.165965,119.93688,eez,2026-08-30T00:54:50.080310+00:00
413000000,SAI YANG DIAN ZI,cargo,,413,China,中國,19,critical,1,5.8,1.6,1,flag-north-asia-loopreach-north-asia-loop;h2-cable;taiwan-strait-express-1-tse-1,0.0,0,0,中柱漁港 Zhongzhu,2026-08-25T03:24:02.425571+00:00,,,144.9,,26.222922,119.826518,eez,2026-08-31T04:58:30.564755+00:00
413816049,WANHUAIYUANGYOU998,cargo,,413,China,中國,19,critical,1,7.9,0.0,1,taiwan-penghu-kinmen-matsu-no-3-tpkm3,0.0,0,0,,,,,318.6,未觀測到靠港,26.211227,119.810415,eez,2026-08-30T14:06:31.206236+00:00
413875040,CHINACOASTGUARD2502,coastguard,coastguard,413,China,中國,19,critical,1,2.0,,0,apcn-2;eac-c2c;flag-north-asia-loopreach-north-asia-loop,0.0,0,0,,,,,187.8,未觀測到靠港,21.69948,122.26815,eez,2026-08-26T21:29:00.712314+00:00
417888888,MMSI-417888888,cargo,,417,Sri Lanka,斯里蘭卡,19,critical,1,0,,0,apcn-2,0.0,1,0,,,,,345.7,未觀測到靠港,23.291118,117.651373,eez,2026-08-23T17:12:51.631900+00:00
538011302,MMSI-538011302,cargo,,538,Marshall Islands,馬紹爾群島,19,critical,1,5.8,0.8,1,taiwan-penghu-kinmen-matsu-no-2-tpkm2,8.6,0,0,,,,,232.4,未觀測到靠港,22.753432,119.841102,territorial_sea,2026-08-31T04:58:30.564755+00:00
636023931,EASTERN TRITON,tanker,,636,Liberia,賴比瑞亞,19,critical,1,6.0,1.1,0,apcn-2;flag-north-asia-loopreach-north-asia-loop;taiwan-penghu-kinmen-matsu-no-3-tpkm3,0.0,0,0,小港臨海新村漁港 Xiaogang,2026-08-22T04:56:00.766998+00:00,,,5.4,,21.586033,120.3954,eez,2026-08-22T11:12:44.228424+00:00
12005602,CT2-5602-2       7V9,unknown,,120,Unknown,未知,18,critical,1,10.3,1.8,1,apcn-2;e2a;h2-cable,0.0,1,0,,,烏石漁港 Wushi,2026-08-30T15:52:29.078583+00:00,431.9,,24.868228,121.837098,internal_waters,2026-08-30T15:52:29.078583+00:00
200000001,1,special,,200,Unknown,未知,18,critical,1,0,,0,taiwan-penghu-kinmen-matsu-no-2-tpkm2;taiwan-penghu-kinmen-matsu-no-3-tpkm3,0.0,1,0,漳州東山 Dongshan,2026-08-25T21:18:40.677233+00:00,,,15.5,,26.382723,120.073083,eez,2026-08-30T05:34:21.607312+00:00
29005602,CT2-5602-19      7V8,unknown,,290,Unknown,未知,18,critical,1,12.5,1.4,0,apcn-2;e2a;h2-cable,0.0,1,0,,,,,411.8,未觀測到靠港,24.92226,122.28076,contiguous_zone,2026-08-29T18:01:43.259492+00:00
31005602,CT2-5602-21      8V0,unknown,,310,Bermuda,百慕達,18,critical,1,19.0,1.2,1,apcn-2;e2a;h2-cable,0.0,1,0,,,烏石漁港 Wushi,2026-08-30T15:52:29.078583+00:00,391.1,,24.86825,121.837055,internal_waters,2026-08-30T15:52:29.078583+00:00
352003569,FORTUNE GLOBE,tanker,,352,Panama,巴拿馬,18,critical,1,154.2,0.7,0,eac-c2c;taiwan-penghu-kinmen-matsu-no-3-tpkm3;taiwan-strait-express-1-tse-1,0.0,0,0,台中港 Taichung,2026-08-12T05:11:14.429647+00:00,,,454.1,,24.269192,120.427455,internal_waters,2026-08-31T04:58:30.564755+00:00
352005538,NERIDA,cargo,,352,Panama,巴拿馬,18,critical,1,32.9,0.5,1,apcn-2;southeast-asia-japan-cable-2-sjc2;taiwan-penghu-kinmen-matsu-no-3-tpkm3,0.0,0,0,基隆港 Keelung,2026-08-12T03:01:44.258989+00:00,,,363.5,,24.343973,119.787453,contiguous_zone,2026-08-27T08:42:36.751075+00:00
352006010,CHANG YANG DONG FANG,cargo,,352,Panama,巴拿馬,18,critical,1,6.3,2.5,0,eac-c2c;taiwan-penghu-kinmen-matsu-no-3-tpkm3;trans-pacific-express-tpe-cable-system,0.0,0,0,台北港 Taipei,2026-08-22T15:11:24.519140+00:00,,,8.9,,26.316408,122.10405,eez,2026-08-23T02:07:00.101264+00:00
412451853,MINLIANYU62966,fishing,,412,China,中國,18,critical,1,4.7,1.0,1,taiwan-matsu-no-4;taiwan-penghu-kinmen-matsu-no-3-tpkm3,0.0,0,0,,,,,276.1,未觀測到靠港,26.3261,119.83187,eez,2026-08-30T14:06:31.206236+00:00
412704020,HAI GONG 166,tanker,,412,China,中國,18,critical,1,0,,0,cross-straits-cable-network,9.4,0,0,廈門 Xiamen,2026-08-25T01:57:17.245352+00:00,廈門 Xiamen,2026-08-25T05:01:01.249756+00:00,0.7,,24.514612,118.079067,eez,2026-08-31T04:58:30.564755+00:00
412866688,SHUN DA6668,cargo,,412,China,中國,18,critical,1,10.2,3.0,0,taiwan-penghu-kinmen-matsu-no-2-tpkm2;taiwan-penghu-kinmen-matsu-no-3-tpkm3,0.0,0,0,,,,,352.8,未觀測到靠港,26.367318,119.934517,eez,2026-08-30T21:44:18.641860+00:00
413233760,HONG RUN 866,cargo,,413,China,中國,18,critical,1,0,,0,taiwan-strait-express-1-tse-1,15.8,0,0,,,,,544.4,未觀測到靠港,26.447775,119.884653,eez,2026-08-31T04:58:30.564755+00:00
413245230,HONGSHENG998,cargo,,413,China,中國,18,critical,1,0,,0,taiwan-strait-express-1-tse-1,6.2,0,0,,,,,544.4,未觀測到靠港,26.204933,119.829133,eez,2026-08-31T04:58:30.564755+00:00
413451656,MMSI-413451656,cargo,,413,China,中國,18,critical,1,5.7,3.0,1,taiwan-penghu-kinmen-matsu-no-2-tpkm2;taiwan-penghu-kinmen-matsu-no-3-tpkm3,0.0,0,0,,,,,340.2,未觀測到靠港,24.330112,118.60584,eez,2026-08-30T12:03:28.899785+00:00
413454960,XINHENG76,cargo,,413,China,中國,18,critical,1,0,,0,taiwan-penghu-kinmen-matsu-no-3-tpkm3;taiwan-strait-express-1-tse-1,0.0,0,0,福清灣/海壇 Fuqing,2026-08-28T11:34:06.990542+00:00,,,28.4,,26.082305,119.803273,eez,2026-08-30T00:54:50.080310+00:00
413693120,SHENGDA6,cargo,,413,China,中國,18,critical,1,12.0,0.7,1,taiwan-penghu-kinmen-matsu-no-3-tpkm3;taiwan-strait-express-1-tse-1,4.5,0,0,福州馬尾 Fuzhou-Mawei,2026-08-30T04:54:33.141207+00:00,,,16.9,,26.448152,119.938645,eez,2026-08-31T04:58:30.564755+00:00
477407600,FENG ZE YUAN,cargo,,477,Hong Kong,香港,18,critical,1,16.1,0.4,0,eac-c2c;taiwan-penghu-kinmen-matsu-no-2-tpkm2;taiwan-penghu-kinmen-matsu-no-3-tpkm3,0.0,0,0,台北港 Taipei,2026-08-29T07:12:39.299265+00:00,,,39.7,,24.454472,117.9724,eez,2026-08-31T04:58:30.564755+00:00
613271610,MMSI-613271610,tanker,,613,Comoros,葛摩,18,critical,1,8.0,3.5,0,apcn-2;pacific-light-cable-network-plcn;southeast-asia-japan-cable-2-sjc2,0.0,1,1,,,,,37.9,未觀測到靠港,25.748147,122.927675,eez,2026-08-09T23:21:33.187820+00:00
636021200,EVER COMMAND,cargo,,636,Liberia,賴比瑞亞,18,critical,1,0,,0,seamewe-3;taiwan-penghu-kinmen-matsu-no-3-tpkm3;taiwan-strait-express-1-tse-1,0.0,0,0,小港臨海新村漁港 Xiaogang,2026-08-24T09:36:53.209692+00:00,,,111.6,,26.458427,119.915905,eez,2026-08-29T02:56:44.800599+00:00
667001260,VICTOR,tanker,,667,Sierra Leone,獅子山,18,critical,1,25.4,0.8,0,eac-c2c;taiwan-penghu-kinmen-matsu-no-2-tpkm2;trans-pacific-express-tpe-cable-system,0.0,1,0,,,,,426.6,未觀測到靠港,24.387552,119.862468,contiguous_zone,2026-08-26T05:56:16.418704+00:00
667001341,KUN PENG,tanker,,667,Sierra Leone,獅子山,18,critical,1,38.5,1.4,2,eac-c2c;taiwan-penghu-kinmen-matsu-no-3-tpkm3;taiwan-strait-express-1-tse-1,2.6,1,0,麗水漁港 Lishui,2026-08-21T02:03:27.932218+00:00,,,241.5,,25.89994,121.678045,eez,2026-08-31T04:58:30.564755+00:00
667001839,SHUNXIN77,tanker,,667,Sierra Leone,獅子山,18,critical,1,0,,0,,22.4,1,0,,,,,547.5,未觀測到靠港,22.722407,120.158997,internal_waters,2026-08-31T04:58:30.564755+00:00
667002352,DALNEGORSK,cargo,,667,Sierra Leone,獅子山,18,critical,1,4.0,0.1,0,seamewe-3,0.0,1,0,,,,,76.8,未觀測到靠港,27.660278,121.570265,eez,2026-08-11T14:14:29.745217+00:00
668116504,MMSI-668116504,tanker,,668,Sao Tome,聖多美,18,critical,1,0,,0,,8.8,1,1,湄洲灣泉港 Meizhouwan,2026-08-14T06:50:09.036254+00:00,,,134.5,,23.24317,117.733365,eez,2026-08-19T23:14:33.089975+00:00
400000000,YUEDIANYU31622,fishing,,400,Unknown,未知,17,critical,1,10.4,1.3,1,eac-c2c;taiwan-matsu-no-4;taiwan-penghu-kinmen-matsu-no-3-tpkm3,0.0,1,0,同安灣/廈門灣北 Tongan,2026-08-31T01:00:40.959031+00:00,,,0.0,,23.340262,117.476967,eez,2026-08-31T04:58:30.564755+00:00
412441382,MIN LIAN YU 69997,fishing,,412,China,中國,17,critical,1,9.8,0.7,1,eac-c2c;taiwan-penghu-kinmen-matsu-no-2-tpkm2;taiwan-penghu-kinmen-matsu-no-3-tpkm3,0.0,0,0,,,,,243.5,未觀測到靠港,26.25457,121.60564,eez,2026-08-29T16:03:35.212630+00:00
412442031,MINMINYU61999,fishing,,412,China,中國,17,critical,1,0,,0,taiwan-strait-express-1-tse-1,0.0,0,0,閩江口錨地 Minjiangkou,2026-08-28T21:39:12.654619+00:00,,,23.8,,25.92309,119.8261,eez,2026-08-30T15:52:29.078583+00:00
412442708,MINLIANYU61878,fishing,,412,China,中國,17,critical,1,29.9,3.4,0,taiwan-matsu-no-4;taiwan-penghu-kinmen-matsu-no-3-tpkm3;taiwan-strait-express-1-tse-1,0.0,0,0,,,,,291.3,未觀測到靠港,25.79516,120.23918,eez,2026-08-31T04:58:30.564755+00:00
412442739,MINLIANYU61875,fishing,,412,China,中國,17,critical,1,29.9,3.5,0,taiwan-matsu-no-4;taiwan-penghu-kinmen-matsu-no-3-tpkm3;taiwan-strait-express-1-tse-1,0.0,0,0,,,,,287.4,未觀測到靠港,25.93819,120.27646,eez,2026-08-31T01:00:40.959031+00:00
412443018,MINCHANGYU-23018,fishing,,412,China,中國,17,critical,1,0,,0,taiwan-strait-express-1-tse-1,0.0,0,0,閩江口錨地 Minjiangkou,2026-08-23T21:12:41.081123+00:00,,,156.4,,26.02456,119.75229,eez,2026-08-30T14:06:31.206236+00:00
412444407,MIN LONG YU 66868,fishing,,412,China,中國,17,critical,1,10.1,3.0,0,taiwan-penghu-kinmen-matsu-no-3-tpkm3,0.0,0,0,,,,,291.3,未觀測到靠港,24.32076,118.81115,eez,2026-08-31T04:58:30.564755+00:00
412444807,MINLONGYU09865,fishing,,412,China,中國,17,critical,1,0,,0,taiwan-penghu-kinmen-matsu-no-3-tpkm3,0.0,0,0,廈門 Xiamen,2026-08-25T09:25:20.380906+00:00,,,53.0,,24.259212,118.346587,eez,2026-08-29T16:03:35.212630+00:00
412447638,MINLIANYU60999,fishing,,412,China,中國,17,critical,1,15.7,3.3,1,taiwan-matsu-no-4;taiwan-penghu-kinmen-matsu-no-2-tpkm2;taiwan-penghu-kinmen-matsu-no-3-tpkm3,0.0,0,0,,,,,291.3,未觀測到靠港,26.74006,120.91851,eez,2026-08-31T04:58:30.564755+00:00
412451747,MINLONGYU63817,fishing,,412,China,中國,17,critical,1,4.0,0.6,0,taiwan-penghu-kinmen-matsu-no-2-tpkm2;taiwan-penghu-kinmen-matsu-no-3-tpkm3,0.0,0,0,廈門 Xiamen,2026-08-25T01:57:17.245352+00:00,,,62.1,,24.22279,118.36776,eez,2026-08-31T01:00:40.959031+00:00
412473350,HUI JIN QIAO 11,cargo,,412,China,中國,17,critical,1,0,,0,apcn-2;southeast-asia-japan-cable-sjc;taiwan-penghu-kinmen-matsu-no-3-tpkm3,0.0,0,0,湄洲灣泉港 Meizhouwan,2026-08-25T19:28:24.092970+00:00,,,117.0,,25.05315,119.24628,eez,2026-08-30T18:16:08.308925+00:00
413223720,HENG FENG YOU 15,tanker,,413,China,中國,17,critical,1,0,,0,taiwan-penghu-kinmen-matsu-no-3-tpkm3;taiwan-strait-express-1-tse-1,6.9,0,0,福清灣/海壇 Fuqing,2026-08-28T05:01:48.482487+00:00,,,66.1,,26.20425,119.818215,eez,2026-08-31T04:58:30.564755+00:00
413242210,SHUN AN 668,cargo,,413,China,中國,17,critical,1,0,,0,taiwan-strait-express-1-tse-1,18.6,0,0,,,,,536.8,未觀測到靠港,26.439823,119.934453,eez,2026-08-30T18:16:08.308925+00:00
413356020,HAIPENG0088,cargo,,413,China,中國,17,critical,1,0,,0,taiwan-penghu-kinmen-matsu-no-2-tpkm2,17.6,0,0,深滬灣/圍頭東 Shenhu,2026-08-23T04:58:29.790954+00:00,深滬灣/圍頭東 Shenhu,2026-08-26T01:43:38.561118+00:00,64.1,,24.63503,118.431458,eez,2026-08-28T11:34:06.990542+00:00
413365250,JIN PENG 518,cargo,,413,China,中國,17,critical,1,0,,0,apcn-2;cross-straits-cable-network;taiwan-penghu-kinmen-matsu-no-3-tpkm3,0.0,0,0,大嶝/圍頭灣 Weitou,2026-08-27T21:40:15.702771+00:00,,,16.6,,24.375873,118.476177,eez,2026-08-28T21:39:12.654619+00:00
413366110,XIN HUA 628,cargo,,413,China,中國,17,critical,1,0,,0,taiwan-penghu-kinmen-matsu-no-2-tpkm2,0.0,0,0,廈門 Xiamen,2026-08-29T06:41:21.616626+00:00,汕頭港外 Shantou-appr,2026-08-30T12:03:28.899785+00:00,8.2,,23.193553,116.786283,eez,2026-08-31T04:58:30.564755+00:00
413381830,TENG YUN HE,cargo,,413,China,中國,17,critical,1,8.2,1.9,2,apcn-2;eac-c2c;taiwan-penghu-kinmen-matsu-no-3-tpkm3,0.0,0,0,小港臨海新村漁港 Xiaogang,2026-08-16T09:23:06.892236+00:00,,,340.7,,25.272725,121.721878,internal_waters,2026-08-30T15:52:29.078583+00:00
413500220,YUANSHUNDA8,cargo,,413,China,中國,17,critical,1,2.3,,0,taiwan-penghu-kinmen-matsu-no-2-tpkm2;taiwan-penghu-kinmen-matsu-no-3-tpkm3;taiwan-strait-express-1-tse-1,0.0,0,0,同安灣/廈門灣北 Tongan,2026-08-26T18:49:43.036418+00:00,同安灣/廈門灣北 Tongan,2026-08-31T01:00:40.959031+00:00,96.3,,24.544113,118.090933,eez,2026-08-31T04:58:30.564755+00:00
413555110,WAN XIANG 388,cargo,,413,China,中國,17,critical,1,0,,0,cross-straits-cable-network;taiwan-penghu-kinmen-matsu-no-2-tpkm2;taiwan-penghu-kinmen-matsu-no-3-tpkm3,0.0,0,0,大嶝/圍頭灣 Weitou,2026-08-29T18:01:43.259492+00:00,大嶝/圍頭灣 Weitou,2026-08-30T04:54:33.141207+00:00,3.5,,24.534442,118.239575,eez,2026-08-31T04:58:30.564755+00:00
413696850,HENGJUN228,cargo,,413,China,中國,17,critical,1,0,,0,taiwan-penghu-kinmen-matsu-no-2-tpkm2;taiwan-penghu-kinmen-matsu-no-3-tpkm3,0.0,0,0,廈門 Xiamen,2026-08-30T18:16:08.308925+00:00,,,7.2,,24.516257,118.558083,eez,2026-08-31T04:58:30.564755+00:00
413703240,RONGHAI99,cargo,,413,China,中國,17,critical,1,0,,0,taiwan-penghu-kinmen-matsu-no-2-tpkm2;taiwan-penghu-kinmen-matsu-no-3-tpkm3,0.0,0,0,廈門 Xiamen,2026-08-29T07:12:39.299265+00:00,,,5.3,,23.284758,116.96044,eez,2026-08-29T21:24:09.012880+00:00
413703250,QIAN  HAI  83,cargo,,413,China,中國,17,critical,1,0,,0,taiwan-penghu-kinmen-matsu-no-2-tpkm2;taiwan-penghu-kinmen-matsu-no-3-tpkm3,0.0,0,0,泉州 Quanzhou,2026-08-31T01:00:40.959031+00:00,,,0.0,,24.764933,118.805413,eez,2026-08-31T04:58:30.564755+00:00
416004028,DA LIU MEI NO.68,fishing,,416,Taiwan,台灣,17,critical,1,9.0,2.5,0,eac-c2c;trans-pacific-express-tpe-cable-system,0.0,0,0,淡水第一漁港 Tamsui1,2026-08-30T15:52:29.078583+00:00,淡水第一漁港 Tamsui1,2026-08-31T04:58:30.564755+00:00,6.7,,25.18375,121.410515,internal_waters,2026-08-31T04:58:30.564755+00:00
440187000,JN IRIS,tanker,,440,South Korea,韓國,17,critical,1,12.6,0.0,0,eac-c2c;taiwan-strait-express-1-tse-1;trans-pacific-express-tpe-cable-system,0.0,1,0,台中港 Taichung,2026-08-21T05:00:30.100916+00:00,,,30.5,,26.362333,122.208433,eez,2026-08-22T12:26:21.545854+00:00
538011576,IOANNA FORCE,cargo,,538,Marshall Islands,馬紹爾群島,17,critical,1,7.9,1.4,0,asia-direct-cable-adc;seamewe-3,0.7,0,0,,,,,19.2,未觀測到靠港,22.03872,117.0208,eez,2026-08-09T04:42:12.218184+00:00
613503100,DG HONG KONG,tanker,,613,Comoros,葛摩,17,critical,1,5.1,1.0,0,eac-c2c;seamewe-3;taiwan-penghu-kinmen-matsu-no-2-tpkm2,0.0,1,1,,,,,37.9,未觀測到靠港,26.607667,121.954243,eez,2026-08-09T23:21:33.187820+00:00
620999903,MAGICIAN 66,cargo,,620,Comoros,葛摩,17,critical,1,36.0,0.4,0,eac-c2c;taiwan-penghu-kinmen-matsu-no-3-tpkm3;trans-pacific-express-tpe-cable-system,0.0,1,0,,,,,309.8,未觀測到靠港,22.708443,120.161627,internal_waters,2026-08-31T04:58:30.564755+00:00
631656711,NEXOR,tanker,,631,Equatorial Guinea,赤道幾內亞,17,critical,1,6.5,0.2,0,asia-direct-cable-adc;taiwan-penghu-kinmen-matsu-no-2-tpkm2;taiwan-penghu-kinmen-matsu-no-3-tpkm3,0.0,1,1,,,,,258.6,未觀測到靠港,23.092748,117.545042,eez,2026-08-19T04:04:25.341544+00:00
636026639,MMSI-636026639,cargo,,636,Liberia,賴比瑞亞,17,critical,1,0,,0,flag-europe-asia-fea;flag-north-asia-loopreach-north-asia-loop;taiwan-penghu-kinmen-matsu-no-3-tpkm3,0.0,0,0,,,,,416.7,未觀測到靠港,22.407217,118.969983,eez,2026-08-25T21:18:40.677233+00:00
677067100,ALBATROS 1,tanker,,677,Tanzania,坦尚尼亞,17,critical,1,0,,0,,0.0,1,1,,,,,255.3,未觀測到靠港,23.525768,117.352777,eez,2026-08-31T04:58:30.564755+00:00
200010616,NETFISHING       7V9,unknown,,200,Unknown,未知,16,critical,1,5.0,2.6,0,asia-united-gateway-east-aug-east,0.0,1,0,,,,,468.0,未觀測到靠港,23.808447,122.441832,eez,2026-08-30T14:06:31.206236+00:00
205433000,MMSI-205433000,cargo,,205,Unknown,未知,16,critical,1,17.4,1.1,0,eac-c2c;taiwan-penghu-kinmen-matsu-no-3-tpkm3;taiwan-strait-express-1-tse-1,0.0,1,0,麗水漁港 Lishui,2026-08-16T15:12:17.466969+00:00,,,176.9,,27.034815,121.981958,eez,2026-08-24T02:03:27.398663+00:00
210721000,NAVIOS NERINE,cargo,,210,Unknown,未知,16,critical,1,9.3,1.1,0,apcn-2;taiwan-penghu-kinmen-matsu-no-3-tpkm3;taiwan-strait-express-1-tse-1,0.0,1,0,廈門 Xiamen,2026-08-20T21:22:25.253536+00:00,,,238.5,,26.4117,120.214112,eez,2026-08-30T21:44:18.641860+00:00
352003481,COUNTESS 9,tanker,,352,Panama,巴拿馬,16,critical,1,0,,0,apcn-2;flag-europe-asia-fea;taiwan-penghu-kinmen-matsu-no-3-tpkm3,0.0,0,0,麗水漁港 Lishui,2026-08-27T21:40:15.702771+00:00,,,71.9,,22.733163,120.168708,internal_waters,2026-08-31T04:58:30.564755+00:00
352005250,EARTH TWIN,cargo,,352,Panama,巴拿馬,16,critical,1,0,,0,apcn-2;taiwan-penghu-kinmen-matsu-no-3-tpkm3;taiwan-strait-express-1-tse-1,0.0,0,0,前鎮漁港 Qianzhen,2026-08-27T04:09:01.110749+00:00,,,46.5,,23.236757,122.737195,eez,2026-08-29T07:12:39.299265+00:00
354118000,LOS ANDES BRIDGE,cargo,,354,Panama,巴拿馬,16,critical,1,0,,0,h2-cable;taiwan-penghu-kinmen-matsu-no-2-tpkm2;trans-pacific-express-tpe-cable-system,3.8,0,0,廈門 Xiamen,2026-08-23T09:18:24.059147+00:00,,,130.4,,26.150362,121.816357,eez,2026-08-28T21:39:12.654619+00:00
412000000,YONGLIYUYE23,fishing,,412,China,中國,16,critical,1,2.4,,0,eac-c2c;taiwan-penghu-kinmen-matsu-no-3-tpkm3;taiwan-strait-express-1-tse-1,0.0,0,0,漳州東山 Dongshan,2026-08-24T15:29:51.857744+00:00,,,155.6,,23.621927,118.055693,eez,2026-08-31T04:58:30.564755+00:00
412060779,MINLONGYU60779,fishing,,412,China,中國,16,critical,1,0,,0,taiwan-penghu-kinmen-matsu-no-3-tpkm3,0.0,0,0,,,,,285.6,未觀測到靠港,24.32314,118.11477,eez,2026-08-31T01:00:40.959031+00:00
412061157,61157,unknown,,412,China,中國,16,critical,1,0,,0,taiwan-penghu-kinmen-matsu-no-2-tpkm2;taiwan-penghu-kinmen-matsu-no-3-tpkm3,0.0,0,0,,,,,287.1,未觀測到靠港,24.165,118.74033,eez,2026-08-31T01:00:40.959031+00:00
412380660,TUAN JIE FANG ZHOU,cargo,,412,China,中國,16,critical,1,0,,0,taiwan-penghu-kinmen-matsu-no-2-tpkm2;taiwan-penghu-kinmen-matsu-no-3-tpkm3;taiwan-strait-express-1-tse-1,0.0,0,0,閩江口錨地 Minjiangkou,2026-08-30T12:03:28.899785+00:00,,,14.9,,24.5661,118.805147,eez,2026-08-31T04:58:30.564755+00:00
412441602,MINLIANYU60935,fishing,,412,China,中國,16,critical,1,10.9,2.4,1,taiwan-matsu-no-4;taiwan-penghu-kinmen-matsu-no-3-tpkm3;taiwan-strait-express-1-tse-1,0.0,0,0,,,,,291.3,未觀測到靠港,26.44208,120.87895,eez,2026-08-31T04:58:30.564755+00:00
412441873,MINGLIANYU65392,fishing,,412,China,中國,16,critical,1,26.0,3.6,1,e2a;taiwan-penghu-kinmen-matsu-no-3-tpkm3;taiwan-strait-express-1-tse-1,0.0,0,0,,,,,291.3,未觀測到靠港,25.83019,120.2902,eez,2026-08-31T04:58:30.564755+00:00
412441974,MINLIANYU61870,fishing,,412,China,中國,16,critical,1,22.2,2.2,0,taiwan-strait-express-1-tse-1,0.0,0,0,,,,,245.6,未觀測到靠港,26.68719,120.81318,eez,2026-08-29T07:12:39.299265+00:00
412442001,MINLIANYUYUN60403,fishing,,412,China,中國,16,critical,1,5.7,3.6,1,taiwan-matsu-no-4;taiwan-penghu-kinmen-matsu-no-2-tpkm2;taiwan-penghu-kinmen-matsu-no-3-tpkm3,0.0,0,0,,,,,291.3,未觀測到靠港,26.52271,120.83233,eez,2026-08-31T04:58:30.564755+00:00
412443974,MINMINYU61293,fishing,,412,China,中國,16,critical,1,6.0,0.3,0,taiwan-strait-express-1-tse-1,0.0,0,0,閩江口錨地 Minjiangkou,2026-08-28T21:39:12.654619+00:00,,,50.0,,25.82096,119.81528,eez,2026-08-31T04:58:30.564755+00:00
412444368,63829,fishing,,412,China,中國,16,critical,1,0,,0,taiwan-penghu-kinmen-matsu-no-3-tpkm3,0.0,0,0,廈門 Xiamen,2026-08-24T02:03:27.398663+00:00,,,165.5,,24.32471,118.11738,eez,2026-08-31T01:00:40.959031+00:00
412444578,S,fishing,,412,China,中國,16,critical,1,8.0,1.1,0,taiwan-penghu-kinmen-matsu-no-2-tpkm2;taiwan-penghu-kinmen-matsu-no-3-tpkm3,0.0,0,0,廈門 Xiamen,2026-08-25T01:57:17.245352+00:00,,,62.1,,24.253318,118.366578,eez,2026-08-30T18:16:08.308925+00:00
412444631,MINZHANGYU60619,fishing,,412,China,中國,16,critical,1,17.7,3.4,3,taiwan-penghu-kinmen-matsu-no-3-tpkm3,0.0,0,0,,,,,291.3,未觀測到靠港,24.28047,118.57325,eez,2026-08-31T04:58:30.564755+00:00
412444947,MINZHANGYU60553,fishing,,412,China,中國,16,critical,1,13.9,3.7,3,taiwan-penghu-kinmen-matsu-no-3-tpkm3,0.0,0,0,,,,,291.3,未觀測到靠港,24.26612,118.48959,eez,2026-08-31T04:58:30.564755+00:00
412447174,MIN DONG YU63369,fishing,,412,China,中國,16,critical,1,0,,0,,0.0,0,0,漳州東山 Dongshan,2026-08-21T04:07:52.567790+00:00,,,220.6,,23.52996,117.64103,eez,2026-08-30T15:52:29.078583+00:00
412451090,GOLDEN PINE,tanker,,412,China,中國,16,critical,1,0,,0,taiwan-strait-express-1-tse-1,0.0,0,0,閩江口錨地 Minjiangkou,2026-08-17T05:04:35.473703+00:00,福州馬尾 Fuzhou-Mawei,2026-08-20T05:53:01.460793+00:00,71.1,,25.996208,119.474102,eez,2026-08-20T08:02:10.021418+00:00
412466829,66829,unknown,,412,China,中國,16,critical,1,9.8,3.5,1,taiwan-penghu-kinmen-matsu-no-3-tpkm3,0.0,0,0,,,,,291.3,未觀測到靠港,24.3118,118.64949,eez,2026-08-31T04:58:30.564755+00:00
412474190,HAO YUAN 7,tanker,,412,China,中國,16,critical,1,0,,0,taiwan-penghu-kinmen-matsu-no-2-tpkm2;taiwan-penghu-kinmen-matsu-no-3-tpkm3;taiwan-strait-express-1-tse-1,0.0,0,0,湄洲灣泉港 Meizhouwan,2026-08-22T05:49:26.190998+00:00,,,19.3,,23.331585,117.309603,eez,2026-08-24T04:13:24.721954+00:00
412481492,MINLIANYU60888,fishing,,412,China,中國,16,critical,1,15.1,3.3,1,taiwan-matsu-no-4;taiwan-penghu-kinmen-matsu-no-2-tpkm2;taiwan-penghu-kinmen-matsu-no-3-tpkm3,0.0,0,0,,,,,291.3,未觀測到靠港,26.42674,120.93352,eez,2026-08-31T04:58:30.564755+00:00
412570730,HAI YING 16,cargo,,412,China,中國,16,critical,1,0,,0,taiwan-penghu-kinmen-matsu-no-3-tpkm3;taiwan-strait-express-1-tse-1,0.0,0,0,福清灣/海壇 Fuqing,2026-08-28T11:34:06.990542+00:00,,,49.2,,27.706383,120.9591,eez,2026-08-30T21:44:18.641860+00:00
412703860,HUA XIN 858,cargo,,412,China,中國,16,critical,1,0.7,,0,taiwan-penghu-kinmen-matsu-no-2-tpkm2;taiwan-penghu-kinmen-matsu-no-3-tpkm3;taiwan-strait-express-1-tse-1,0.0,0,0,閩江口錨地 Minjiangkou,2026-08-30T18:16:08.308925+00:00,,,7.2,,24.910233,119.311787,eez,2026-08-31T04:58:30.564755+00:00
412704030,HAI GONG 169,tanker,,412,China,中國,16,critical,1,0,,0,taiwan-penghu-kinmen-matsu-no-2-tpkm2;taiwan-penghu-kinmen-matsu-no-3-tpkm3,1.7,0,0,廈門 Xiamen,2026-08-31T01:00:40.959031+00:00,,,0.0,,24.456027,117.963933,eez,2026-08-31T04:58:30.564755+00:00
413254970,LIAN SHENG 869,cargo,,413,China,中國,16,critical,1,0,,0,taiwan-penghu-kinmen-matsu-no-3-tpkm3;taiwan-strait-express-1-tse-1,22.1,0,0,,,,,537.2,未觀測到靠港,26.40092,119.96836,eez,2026-08-30T21:44:18.641860+00:00
413351880,JIA NAN 33,cargo,,413,China,中國,16,critical,1,0,,0,taiwan-penghu-kinmen-matsu-no-2-tpkm2,0.0,0,0,湄洲灣泉港 Meizhouwan,2026-08-30T00:54:50.080310+00:00,湄洲灣泉港 Meizhouwan,2026-08-31T04:58:30.564755+00:00,10.9,,24.912525,119.08072,eez,2026-08-31T04:58:30.564755+00:00
413361670,HANG JIE 2006,cargo,,413,China,中國,16,critical,1,1.8,,0,cross-straits-cable-network;taiwan-penghu-kinmen-matsu-no-2-tpkm2;taiwan-penghu-kinmen-matsu-no-3-tpkm3,0.0,0,0,大嶝/圍頭灣 Weitou,2026-08-30T18:16:08.308925+00:00,大嶝/圍頭灣 Weitou,2026-08-31T04:58:30.564755+00:00,3.3,,24.48897,118.22238,eez,2026-08-31T04:58:30.564755+00:00
413510870,WAI YUN WAN QU 001,cargo,,413,China,中國,16,critical,1,0,,0,taiwan-penghu-kinmen-matsu-no-2-tpkm2;taiwan-penghu-kinmen-matsu-no-3-tpkm3;taiwan-strait-express-1-tse-1,0.0,0,0,福州馬尾 Fuzhou-Mawei,2026-08-30T00:54:50.080310+00:00,,,24.1,,24.3339,118.2224,eez,2026-08-31T04:58:30.564755+00:00
413525180,SHUN YUAN 35,tanker,,413,China,中國,16,critical,1,0,,0,taiwan-penghu-kinmen-matsu-no-3-tpkm3,0.0,0,0,莆田湄洲灣 Putian,2026-08-17T01:59:37.857320+00:00,,,15.7,,26.742723,120.68531,eez,2026-08-18T17:18:44.348985+00:00
413529220,HE HAI DING BANG,cargo,,413,China,中國,16,critical,1,2.5,,0,asia-direct-cable-adc;southeast-asia-japan-cable-sjc;taiwan-penghu-kinmen-matsu-no-3-tpkm3,0.0,0,0,泉州 Quanzhou,2026-08-28T20:29:50.957857+00:00,泉州 Quanzhou,2026-08-31T04:58:30.564755+00:00,46.1,,24.817643,118.720027,eez,2026-08-31T04:58:30.564755+00:00
413620090,HUISHI6,cargo,,413,China,中國,16,critical,1,0,,0,taiwan-strait-express-1-tse-1,0.0,0,0,福州馬尾 Fuzhou-Mawei,2026-08-29T07:12:39.299265+00:00,,,39.7,,26.511088,120.01717,eez,2026-08-31T04:58:30.564755+00:00
413699010,HUA XIN 117,cargo,,413,China,中國,16,critical,1,2.3,,0,taiwan-penghu-kinmen-matsu-no-2-tpkm2;taiwan-penghu-kinmen-matsu-no-3-tpkm3;taiwan-strait-express-1-tse-1,0.0,0,0,福州馬尾 Fuzhou-Mawei,2026-08-29T16:03:35.212630+00:00,廈門 Xiamen,2026-08-31T01:00:40.959031+00:00,27.7,,24.514268,118.07908,eez,2026-08-31T04:58:30.564755+00:00
413706840,FANG ZHOU 33,cargo,,413,China,中國,16,critical,1,0,,0,taiwan-penghu-kinmen-matsu-no-2-tpkm2;taiwan-penghu-kinmen-matsu-no-3-tpkm3,0.0,0,0,廈門 Xiamen,2026-08-28T21:39:12.654619+00:00,廈門 Xiamen,2026-08-31T04:58:30.564755+00:00,42.3,,24.444735,118.018987,eez,2026-08-31T04:58:30.564755+00:00
416003991,WU ZHOU HUI FENG,cargo,,416,Taiwan,台灣,16,critical,1,0,,0,taiwan-penghu-kinmen-matsu-no-2-tpkm2;taiwan-penghu-kinmen-matsu-no-3-tpkm3,0.0,0,0,深滬灣/圍頭東 Shenhu,2026-08-31T01:00:40.959031+00:00,,,0.0,,24.402673,118.47271,eez,2026-08-31T04:58:30.564755+00:00
440637000,WOOGUM,tanker,,440,South Korea,韓國,16,critical,1,7.4,0.0,0,eac-c2c;taiwan-matsu-no-4;taiwan-penghu-kinmen-matsu-no-3-tpkm3,0.0,1,0,前鎮漁港 Qianzhen,2026-08-22T12:26:21.545854+00:00,,,19.9,,25.9519,121.365667,eez,2026-08-23T09:18:24.059147+00:00
441304000,GLOVIS CARDINAL,cargo,,441,South Korea,韓國,16,critical,1,5.3,1.7,0,apcn-2;taiwan-penghu-kinmen-matsu-no-3-tpkm3;taiwan-strait-express-1-tse-1,0.0,1,0,,,,,428.1,未觀測到靠港,22.777223,117.498502,eez,2026-08-26T02:06:31.082253+00:00
477189300,COSCO TAICANG,cargo,,477,Hong Kong,香港,16,critical,1,0,,0,apcn-2;seamewe-3;taiwan-penghu-kinmen-matsu-no-3-tpkm3,0.0,0,0,廈門 Xiamen,2026-08-24T02:03:27.398663+00:00,,,169.5,,25.953132,120.608915,eez,2026-08-31T04:58:30.564755+00:00
533170107,SHINLINE 15,cargo,,533,Malaysia,馬來西亞,16,critical,1,10.1,1.5,0,apcn-2;flag-europe-asia-fea;taiwan-penghu-kinmen-matsu-no-3-tpkm3,0.0,1,0,基隆港 Keelung,2026-08-20T09:02:40.913184+00:00,,,41.8,,21.067722,119.856517,eez,2026-08-22T03:12:11.129638+00:00
538006451,UNITY N,cargo,,538,Marshall Islands,馬紹爾群島,16,critical,1,0,,0,apcn-2;flag-europe-asia-fea;flag-north-asia-loopreach-north-asia-loop,4.1,0,0,,,,,139.5,未觀測到靠港,23.140748,117.606488,eez,2026-08-26T18:49:43.036418+00:00
563312900,EVER WORLD,cargo,,563,Singapore,新加坡,16,critical,1,0,,0,eac-c2c;taiwan-penghu-kinmen-matsu-no-3-tpkm3;trans-pacific-express-tpe-cable-system,0.0,0,0,鳳鼻頭漁港 Fengbitou,2026-08-26T05:56:16.418704+00:00,,,5.4,,21.890472,118.842497,eez,2026-08-26T12:39:22.068263+00:00
577755000,ACE WIN,cargo,,577,Vanuatu,萬那杜,16,critical,1,8.0,0.6,1,eac-c2c;taiwan-penghu-kinmen-matsu-no-3-tpkm3;taiwan-strait-express-1-tse-1,0.0,1,0,,,,,388.7,未觀測到靠港,26.36945,120.980633,eez,2026-08-28T11:34:06.990542+00:00
620800361,PACIFIC_PRINCESS,tanker,,620,Comoros,葛摩,16,critical,1,28.0,2.1,1,apcn-2;flag-europe-asia-fea;flag-north-asia-loopreach-north-asia-loop,0.0,1,0,,,,,144.9,未觀測到靠港,22.747258,120.145947,internal_waters,2026-08-31T04:58:30.564755+00:00
622121422,WADI SAFAGA,cargo,,622,Egypt,埃及,16,critical,1,0,,0,apcn-2;taiwan-penghu-kinmen-matsu-no-2-tpkm2;taiwan-strait-express-1-tse-1,0.0,1,0,,,,,54.9,未觀測到靠港,25.747277,121.027662,eez,2026-08-10T12:54:36.212410+00:00
636016262,INDIAN GOODWILL,cargo,,636,Liberia,賴比瑞亞,16,critical,1,0,,0,taiwan-penghu-kinmen-matsu-no-2-tpkm2;taiwan-penghu-kinmen-matsu-no-3-tpkm3;trans-pacific-express-tpe-cable-system,0.0,0,0,小港臨海新村漁港 Xiaogang,2026-08-19T09:23:59.879155+00:00,,,268.6,,24.240107,120.450097,internal_waters,2026-08-30T15:52:29.078583+00:00
636026799,MMSI-636026799,tanker,,636,Liberia,賴比瑞亞,16,critical,1,17.3,2.0,2,apcn-2;flag-europe-asia-fea;flag-north-asia-loopreach-north-asia-loop,0.0,0,0,,,,,120.7,未觀測到靠港,23.210035,122.805503,eez,2026-08-27T10:02:50.170976+00:00
667002605,MMSI-667002605,tanker,,667,Sierra Leone,獅子山,16,critical,1,88.1,0.6,0,eac-c2c;taiwan-penghu-kinmen-matsu-no-3-tpkm3;trans-pacific-express-tpe-cable-system,0.0,1,0,,,,,543.5,未觀測到靠港,25.858185,121.604702,eez,2026-08-31T01:00:40.959031+00:00
677048900,HAI BAO,cargo,,677,Tanzania,坦尚尼亞,16,critical,1,16.3,0.1,2,taiwan-penghu-kinmen-matsu-no-3-tpkm3,22.4,1,0,,,,,547.5,未觀測到靠港,22.978817,120.174533,internal_waters,2026-08-31T04:58:30.564755+00:00
800123456,S125,fishing,,800,Unknown,未知,16,critical,1,0,,0,taiwan-penghu-kinmen-matsu-no-3-tpkm3;taiwan-strait-express-1-tse-1,0.0,1,0,馬公港 Magong,2026-08-26T05:56:16.418704+00:00,,,58.8,,23.315888,117.466268,eez,2026-08-30T14:06:31.206236+00:00
200010607,NETFISHING       8V1,unknown,,200,Unknown,未知,15,critical,1,4.8,1.8,0,asia-united-gateway-east-aug-east;flag-north-asia-loopreach-north-asia-loop,0.0,1,0,,,,,445.9,未觀測到靠港,23.874945,122.407683,eez,2026-08-29T16:03:35.212630+00:00
200010609,NETFISHING       8V0,unknown,,200,Unknown,未知,15,critical,1,3.2,1.8,1,asia-united-gateway-east-aug-east,0.0,1,0,,,,,443.1,未觀測到靠港,23.837282,122.417853,eez,2026-08-29T13:14:06.253758+00:00
200041610,MMSI-200041610,cargo,,200,Unknown,未知,15,critical,1,4.9,0.9,1,taiwan-penghu-kinmen-matsu-no-3-tpkm3,1.3,1,0,內垵南漁港 Neian_S,2026-08-14T06:50:09.036254+00:00,,,226.1,,23.605577,119.477417,internal_waters,2026-08-26T07:16:35.545910+00:00
200361823,LIANTAIJIAOYANG9016,cargo,,200,Unknown,未知,15,critical,1,6.0,1.2,0,taiwan-matsu-no-4;taiwan-penghu-kinmen-matsu-no-3-tpkm3;taiwan-strait-express-1-tse-1,0.0,1,0,,,,,303.5,未觀測到靠港,26.22509,120.11077,eez,2026-08-29T21:24:09.012880+00:00
241673000,SEA EMERALD,tanker,,241,Greece,希臘,15,critical,1,10.9,1.7,0,apcn-2;taiwan-penghu-kinmen-matsu-no-3-tpkm3;taiwan-strait-express-1-tse-1,0.0,1,0,,,,,547.5,未觀測到靠港,22.231198,120.122037,contiguous_zone,2026-08-31T04:58:30.564755+00:00
311001629,SAGA VOYAGER,cargo,,311,Bahamas,巴哈馬,15,critical,1,0,,0,apcn-2,2.6,1,0,,,,,96.3,未觀測到靠港,26.553658,121.733968,eez,2026-08-28T11:34:06.990542+00:00
374494000,GLOBAL HIGHWAY,cargo,,374,Panama,巴拿馬,15,critical,1,14.6,0.1,0,eac-c2c;faster;taiwan-penghu-kinmen-matsu-no-3-tpkm3,0.0,1,0,台中港 Taichung,2026-08-13T05:14:47.387385+00:00,,,38.4,,26.161648,122.725228,eez,2026-08-14T21:17:18.721815+00:00
374670000,BRIGHT GOLD,tanker,,374,Panama,巴拿馬,15,critical,1,0,,0,taiwan-penghu-kinmen-matsu-no-2-tpkm2;taiwan-penghu-kinmen-matsu-no-3-tpkm3;taiwan-strait-express-1-tse-1,2.2,1,1,,,,,68.5,未觀測到靠港,26.664833,121.621267,eez,2026-08-11T02:32:45.606430+00:00
412354170,SHENG XIN 99,cargo,,412,China,中國,15,critical,1,0,,0,apcn-2;taiwan-penghu-kinmen-matsu-no-2-tpkm2;taiwan-penghu-kinmen-matsu-no-3-tpkm3,0.0,0,0,汕頭港外 Shantou-appr,2026-08-26T05:01:47.083353+00:00,,,51.2,,26.790528,119.71136,eez,2026-08-30T14:06:31.206236+00:00
412441066,MINLIANYU65391,fishing,,412,China,中國,15,critical,1,12.6,3.3,1,e2a;taiwan-penghu-kinmen-matsu-no-3-tpkm3;taiwan-strait-express-1-tse-1,0.0,0,0,,,,,291.3,未觀測到靠港,25.83016,120.28628,eez,2026-08-31T04:58:30.564755+00:00
412441156,MIN LIAN YU 60435,fishing,,412,China,中國,15,critical,1,0,,0,taiwan-matsu-no-4;taiwan-penghu-kinmen-matsu-no-3-tpkm3,0.0,0,0,,,,,284.5,未觀測到靠港,26.34435,120.03478,eez,2026-08-30T15:52:29.078583+00:00
412441474,MINLIANYU61986,fishing,,412,China,中國,15,critical,1,0,,0,taiwan-matsu-no-4;taiwan-penghu-kinmen-matsu-no-3-tpkm3,0.0,0,0,,,,,286.6,未觀測到靠港,26.08833,120.62337,eez,2026-08-30T15:52:29.078583+00:00
412441477,DMINLIANYUAA60781,fishing,,412,China,中國,15,critical,1,1.6,,0,taiwan-penghu-kinmen-matsu-no-2-tpkm2,0.0,0,0,,,,,361.6,未觀測到靠港,26.686473,120.878723,eez,2026-08-31T04:58:30.564755+00:00
412441495,MINLIANYU60333,fishing,,412,China,中國,15,critical,1,7.2,2.4,1,taiwan-matsu-no-4;taiwan-penghu-kinmen-matsu-no-2-tpkm2;taiwan-penghu-kinmen-matsu-no-3-tpkm3,0.0,0,0,,,,,287.4,未觀測到靠港,25.90382,120.35828,eez,2026-08-31T01:00:40.959031+00:00
412441512,MINLIANYU61961,fishing,,412,China,中國,15,critical,1,3.8,0.5,0,eac-c2c;taiwan-matsu-no-4;taiwan-penghu-kinmen-matsu-no-3-tpkm3,0.0,0,0,,,,,272.1,未觀測到靠港,26.00935,121.53559,eez,2026-08-30T21:44:18.641860+00:00
412441531,MINLIANYU61883,fishing,,412,China,中國,15,critical,1,5.3,3.2,0,taiwan-penghu-kinmen-matsu-no-3-tpkm3;taiwan-strait-express-1-tse-1,0.0,0,0,,,,,274.2,未觀測到靠港,25.98568,120.56831,eez,2026-08-30T05:34:21.607312+00:00
412441956,MINLIANYU60271,fishing,,412,China,中國,15,critical,1,8.0,2.9,0,taiwan-matsu-no-4;taiwan-penghu-kinmen-matsu-no-2-tpkm2;taiwan-penghu-kinmen-matsu-no-3-tpkm3,0.0,0,0,,,,,291.3,未觀測到靠港,26.50243,120.83925,eez,2026-08-31T04:58:30.564755+00:00
412442263,MINLIANYU61866,fishing,,412,China,中國,15,critical,1,8.8,1.4,0,taiwan-penghu-kinmen-matsu-no-2-tpkm2;taiwan-penghu-kinmen-matsu-no-3-tpkm3,0.0,0,0,,,,,271.7,未觀測到靠港,26.12585,121.2461,eez,2026-08-30T04:54:33.141207+00:00
412442272,MINLIANYU61736,fishing,,412,China,中國,15,critical,1,2.3,,0,taiwan-matsu-no-4;taiwan-penghu-kinmen-matsu-no-2-tpkm2;taiwan-penghu-kinmen-matsu-no-3-tpkm3,0.0,0,0,,,,,287.4,未觀測到靠港,26.24129,120.24412,eez,2026-08-31T01:00:40.959031+00:00
412442348,MINLIANYU60927,fishing,,412,China,中國,15,critical,1,12.2,3.2,1,taiwan-matsu-no-4;taiwan-penghu-kinmen-matsu-no-3-tpkm3;taiwan-strait-express-1-tse-1,0.0,0,0,,,,,291.3,未觀測到靠港,26.17945,120.58008,eez,2026-08-31T04:58:30.564755+00:00
412442988,MINLIANYU60966,fishing,,412,China,中國,15,critical,1,7.5,3.5,1,taiwan-matsu-no-4;taiwan-penghu-kinmen-matsu-no-2-tpkm2;taiwan-penghu-kinmen-matsu-no-3-tpkm3,0.0,0,0,,,,,291.3,未觀測到靠港,26.40939,120.97699,eez,2026-08-31T04:58:30.564755+00:00
412443017,MINCHANGYU23196,fishing,,412,China,中國,15,critical,1,4.8,0.2,0,taiwan-strait-express-1-tse-1,0.0,0,0,閩江口錨地 Minjiangkou,2026-08-28T21:39:12.654619+00:00,,,36.9,,25.91775,119.73748,eez,2026-08-30T15:52:29.078583+00:00
412443135,MINLIANYU60959,fishing,,412,China,中國,15,critical,1,8.0,2.8,1,taiwan-matsu-no-4;taiwan-penghu-kinmen-matsu-no-2-tpkm2;taiwan-penghu-kinmen-matsu-no-3-tpkm3,0.0,0,0,,,,,291.3,未觀測到靠港,26.51465,120.80503,eez,2026-08-31T04:58:30.564755+00:00
412444163,MINLONGYU66856,fishing,,412,China,中國,15,critical,1,0.7,,0,taiwan-penghu-kinmen-matsu-no-3-tpkm3,0.0,0,0,,,,,286.6,未觀測到靠港,24.13484,118.66435,eez,2026-08-30T15:52:29.078583+00:00
412444729,MIN LONG YU09862,fishing,,412,China,中國,15,critical,1,0,,0,taiwan-matsu-no-4,0.0,0,0,,,,,289.6,未觀測到靠港,24.189418,118.314363,eez,2026-08-30T18:16:08.308925+00:00
412444880,XING DONG 18,cargo,,412,China,中國,15,critical,1,52.4,0.4,1,taiwan-penghu-kinmen-matsu-no-2-tpkm2;taiwan-penghu-kinmen-matsu-no-3-tpkm3,0.0,0,0,新湖漁港 Xinhu,2026-08-27T10:02:50.170976+00:00,廈門 Xiamen,2026-08-28T05:01:48.482487+00:00,2.3,,24.415263,118.039307,eez,2026-08-31T04:58:30.564755+00:00
412444926,MINLONGYU64319,fishing,,412,China,中國,15,critical,1,0,,0,taiwan-penghu-kinmen-matsu-no-2-tpkm2;taiwan-penghu-kinmen-matsu-no-3-tpkm3,0.0,0,0,廈門 Xiamen,2026-08-24T15:29:51.857744+00:00,,,43.4,,25.03686,119.64467,eez,2026-08-30T15:52:29.078583+00:00
412445592,MINFUZHOUYU15157,fishing,,412,China,中國,15,critical,1,0,,0,taiwan-strait-express-1-tse-1,0.0,0,0,閩江口錨地 Minjiangkou,2026-08-30T00:54:50.080310+00:00,,,11.0,,25.97271,119.71743,eez,2026-08-30T15:52:29.078583+00:00
412445637,MINLIANYU60011,fishing,,412,China,中國,15,critical,1,4.1,3.5,1,taiwan-matsu-no-4;taiwan-penghu-kinmen-matsu-no-2-tpkm2;taiwan-penghu-kinmen-matsu-no-3-tpkm3,0.0,0,0,,,,,291.3,未觀測到靠港,25.86938,120.32524,eez,2026-08-31T04:58:30.564755+00:00
412445658,MINLIANYU60012,fishing,,412,China,中國,15,critical,1,20.5,3.2,0,taiwan-matsu-no-4;taiwan-penghu-kinmen-matsu-no-2-tpkm2;taiwan-penghu-kinmen-matsu-no-3-tpkm3,0.0,0,0,,,,,291.3,未觀測到靠港,26.33006,120.74685,eez,2026-08-31T04:58:30.564755+00:00
412446259,MINLONGYU61688,fishing,,412,China,中國,15,critical,1,6.0,3.8,0,taiwan-penghu-kinmen-matsu-no-3-tpkm3,0.0,0,0,,,,,286.6,未觀測到靠港,24.21529,118.11632,eez,2026-08-30T15:52:29.078583+00:00
412447545,MINLIANYU60997,fishing,,412,China,中國,15,critical,1,9.4,3.0,1,taiwan-matsu-no-4;taiwan-penghu-kinmen-matsu-no-2-tpkm2;taiwan-penghu-kinmen-matsu-no-3-tpkm3,0.0,0,0,,,,,284.1,未觀測到靠港,25.83111,120.25828,eez,2026-08-30T21:44:18.641860+00:00
412447746,MINLIANYU60408,fishing,,412,China,中國,15,critical,1,4.7,3.1,2,taiwan-matsu-no-4;taiwan-penghu-kinmen-matsu-no-2-tpkm2;taiwan-penghu-kinmen-matsu-no-3-tpkm3,0.0,0,0,,,,,291.3,未觀測到靠港,26.55709,120.97149,eez,2026-08-31T04:58:30.564755+00:00
412447777,MINLONGYU63889,fishing,,412,China,中國,15,critical,1,0.8,,0,taiwan-penghu-kinmen-matsu-no-3-tpkm3,0.0,0,0,,,,,284.5,未觀測到靠港,24.27734,118.40749,eez,2026-08-30T15:52:29.078583+00:00
412451887,MIN HUI YU 01768,fishing,,412,China,中國,15,critical,1,0,,0,taiwan-penghu-kinmen-matsu-no-2-tpkm2,0.0,0,0,,,,,270.9,未觀測到靠港,25.11166,119.65268,eez,2026-08-30T15:52:29.078583+00:00
412452146,MINQUANYU01699,fishing,,412,China,中國,15,critical,1,0,,0,h2-cable,0.0,0,0,,,,,254.2,未觀測到靠港,24.92332,119.53586,eez,2026-08-30T15:52:29.078583+00:00
412481538,MINLIANYU60898,fishing,,412,China,中國,15,critical,1,17.6,3.2,1,taiwan-matsu-no-4;taiwan-penghu-kinmen-matsu-no-2-tpkm2;taiwan-penghu-kinmen-matsu-no-3-tpkm3,0.0,0,0,,,,,291.3,未觀測到靠港,26.44458,120.94535,eez,2026-08-31T04:58:30.564755+00:00
412888888,00088,fishing,,412,China,中國,15,critical,1,0,,0,taiwan-penghu-kinmen-matsu-no-3-tpkm3,0.0,0,0,,,,,433.9,未觀測到靠港,24.31615,118.136083,eez,2026-08-28T21:39:12.654619+00:00
413241050,XIN SHUN HANG 569,cargo,,413,China,中國,15,critical,1,1.9,,0,taiwan-strait-express-1-tse-1,6.6,0,0,福州馬尾 Fuzhou-Mawei,2026-08-30T21:44:18.641860+00:00,,,4.0,,25.967905,119.794653,eez,2026-08-31T04:58:30.564755+00:00
413303020,DONG LI HAI TAI,cargo,,413,China,中國,15,critical,1,0,,0,taiwan-penghu-kinmen-matsu-no-3-tpkm3,0.0,0,0,,,,,309.4,未觀測到靠港,23.123207,117.283695,eez,2026-08-21T03:27:00.884596+00:00
413371410,BAO XIN HAI,cargo,,413,China,中國,15,critical,1,15.5,0.2,1,taiwan-penghu-kinmen-matsu-no-2-tpkm2;taiwan-penghu-kinmen-matsu-no-3-tpkm3,1.2,0,0,深滬灣/圍頭東 Shenhu,2026-08-29T13:14:06.253758+00:00,,,15.5,,25.961733,119.89035,eez,2026-08-30T05:34:21.607312+00:00
413486680,SUIFUHANG888,cargo,,413,China,中國,15,critical,1,0,,0,,0.0,0,0,,,,,518.7,未觀測到靠港,23.506845,117.276413,eez,2026-08-30T12:03:28.899785+00:00
413498610,NINGYUANYONGAN,cargo,,413,China,中國,15,critical,1,12.1,1.6,0,apcn-2;taiwan-penghu-kinmen-matsu-no-3-tpkm3;taiwan-strait-express-1-tse-1,0.0,0,0,小港臨海新村漁港 Xiaogang,2026-08-26T05:56:16.418704+00:00,,,62.4,,27.442318,121.265973,eez,2026-08-28T21:39:12.654619+00:00
413610980,XINQIANJIN,tanker,,413,China,中國,15,critical,1,8.8,0.7,1,taiwan-matsu-no-4;taiwan-penghu-kinmen-matsu-no-3-tpkm3;taiwan-strait-express-1-tse-1,0.0,0,0,湄洲灣泉港 Meizhouwan,2026-08-24T07:34:00.582328+00:00,,,108.5,,27.32253,121.183307,eez,2026-08-28T21:39:12.654619+00:00
413693580,ZHONGFUSHUN,cargo,,413,China,中國,15,critical,1,0,,0,taiwan-penghu-kinmen-matsu-no-2-tpkm2;taiwan-penghu-kinmen-matsu-no-3-tpkm3;taiwan-strait-express-1-tse-1,0.0,0,0,廈門 Xiamen,2026-08-20T01:56:34.314431+00:00,汕頭港外 Shantou-appr,2026-08-30T15:52:29.078583+00:00,20.0,,23.313793,116.768137,eez,2026-08-30T15:52:29.078583+00:00
422222000,MMSI-422222000,tanker,,422,Iran,伊朗,15,critical,1,0,,0,,0.0,1,1,,,,,311.2,未觀測到靠港,23.271375,117.7078,eez,2026-08-25T04:05:56.477331+00:00
477524300,MILD TUNE,cargo,,477,Hong Kong,香港,15,critical,1,6.6,1.2,1,taiwan-matsu-no-4;taiwan-penghu-kinmen-matsu-no-3-tpkm3,0.0,0,0,廈門 Xiamen,2026-08-25T09:25:20.380906+00:00,,,6.1,,23.156218,117.139908,eez,2026-08-25T17:26:53.997641+00:00
538006247,LOTUS RISING,cargo,,538,Marshall Islands,馬紹爾群島,15,critical,1,7.8,2.6,0,apcn-2;e2a;orca,6.9,0,0,,,,,185.8,未觀測到靠港,25.990873,122.942605,eez,2026-08-30T00:54:50.080310+00:00
538009233,MMSI-538009233,tanker,,538,Marshall Islands,馬紹爾群島,15,critical,1,0,,0,apcn-2;eac-c2c;seamewe-3,5.5,0,0,,,,,204.3,未觀測到靠港,22.957327,119.79656,internal_waters,2026-08-28T11:34:06.990542+00:00
538009928,ECO ENCHANTED,tanker,,538,Marshall Islands,馬紹爾群島,15,critical,1,4.0,2.1,0,eac-c2c;taiwan-penghu-kinmen-matsu-no-3-tpkm3;taiwan-strait-express-1-tse-1,0.0,0,0,,,,,259.6,未觀測到靠港,22.608328,118.926987,eez,2026-08-19T01:39:19.475482+00:00
563058100,ST.MICHAELIS,tanker,,563,Singapore,新加坡,15,critical,1,7.3,3.4,0,apcn-2;flag-north-asia-loopreach-north-asia-loop;seamewe-3,0.0,0,0,,,,,347.7,未觀測到靠港,22.285777,119.08972,eez,2026-08-22T21:12:40.405287+00:00
563178000,PRACHI,tanker,,563,Singapore,新加坡,15,critical,1,17.5,1.3,0,apcn-2;eac-c2c;seamewe-3,0.0,0,0,,,,,123.5,未觀測到靠港,21.340798,119.851768,eez,2026-08-17T05:56:49.084235+00:00
563255900,SUNNY TRITON,tanker,,563,Singapore,新加坡,15,critical,1,13.7,0.0,0,apcn-2;eac-c2c;taiwan-penghu-kinmen-matsu-no-3-tpkm3,0.0,0,0,台北港 Taipei,2026-08-20T23:17:11.148940+00:00,,,152.3,,25.21317,122.563303,eez,2026-08-27T10:02:50.170976+00:00
629028482,BEESTA,tanker,,629,Gambia,甘比亞,15,critical,1,33.3,1.4,0,apcn-2;flag-europe-asia-fea;hong-kong-americas-hka,0.0,1,0,,,,,269.9,未觀測到靠港,21.352258,120.131362,eez,2026-08-19T15:21:52.877359+00:00
631010157,HUIZHOU,tanker,,631,Equatorial Guinea,赤道幾內亞,15,critical,1,22.1,1.2,0,eac-c2c;taiwan-penghu-kinmen-matsu-no-3-tpkm3;taiwan-strait-express-1-tse-1,0.0,1,0,,,,,273.7,未觀測到靠港,22.705902,120.008915,internal_waters,2026-08-31T04:58:30.564755+00:00
671573100,MT.GOLDEN SUNRISE,tanker,,671,Togo,多哥,15,critical,1,21.9,0.5,0,eac-c2c;taiwan-penghu-kinmen-matsu-no-3-tpkm3;taiwan-strait-express-1-tse-1,0.0,1,0,,,,,547.5,未觀測到靠港,25.232083,121.12225,territorial_sea,2026-08-31T04:58:30.564755+00:00
106000000,KKK,cargo,,106,Unknown,未知,14,critical,1,4.0,0.4,0,apcn-2;e2a;taiwan-penghu-kinmen-matsu-no-3-tpkm3,0.0,1,0,花蓮港 Hualien,2026-08-27T19:20:13.721508+00:00,風櫃西漁港 Fenggui_W,2026-08-30T18:16:08.308925+00:00,66.2,,23.54204,119.550452,internal_waters,2026-08-31T01:00:40.959031+00:00
108002139,MINLIANYU69331-3,unknown,,108,Unknown,未知,14,critical,1,8.2,1.2,2,taiwan-matsu-no-4,0.0,1,0,,,,,277.6,未觀測到靠港,26.15275,120.13511,eez,2026-08-31T04:58:30.564755+00:00
13005070,CT2-5070:3       7V9,unknown,,130,Unknown,未知,14,critical,1,8.1,0.1,0,asia-united-gateway-east-aug-east,0.0,1,0,蘇澳港 Suao,2026-08-20T09:02:40.913184+00:00,,,37.8,,24.673907,121.861302,internal_waters,2026-08-21T23:14:38.874928+00:00
18005602,CT2-5602-8       8V1,unknown,,180,Unknown,未知,14,critical,1,10.9,1.4,1,apcn-2;e2a;h2-cable,0.0,1,0,,,,,418.7,未觀測到靠港,24.912265,122.168712,territorial_sea,2026-08-30T00:54:50.080310+00:00
205534000,GOLDEN WAVE,cargo,,205,Unknown,未知,14,critical,1,0,,0,eac-c2c;flag-europe-asia-fea;flag-north-asia-loopreach-north-asia-loop,14.9,1,0,麗水漁港 Lishui,2026-08-23T04:58:29.790954+00:00,,,22.4,,21.107493,121.346527,eez,2026-08-24T04:13:24.721954+00:00
351664000,ITX EHIME,cargo,,351,Panama,巴拿馬,14,critical,1,17.2,0.7,0,apcn-2;e2a;tpu,0.0,0,0,小港臨海新村漁港 Xiaogang,2026-08-25T09:25:20.380906+00:00,,,28.9,,22.85479,122.385215,eez,2026-08-26T16:10:14.987861+00:00
357020000,TIARA 108,cargo,,357,Panama,巴拿馬,14,critical,1,11.7,1.6,1,apcn-2;flag-north-asia-loopreach-north-asia-loop,4.3,0,0,高雄港 Kaohsiung,2026-08-26T03:29:57.399731+00:00,,,120.8,,22.080612,120.159213,contiguous_zone,2026-08-31T04:58:30.564755+00:00
412066824,MINLONGYU66824,fishing,,412,China,中國,14,critical,1,6.8,3.7,1,taiwan-penghu-kinmen-matsu-no-3-tpkm3,0.0,0,0,,,,,286.6,未觀測到靠港,24.31118,118.49707,eez,2026-08-30T15:52:29.078583+00:00
412204970,DONG SHAN 29,cargo,,412,China,中國,14,critical,1,42.3,0.3,0,cross-straits-cable-network;taiwan-penghu-kinmen-matsu-no-2-tpkm2;taiwan-penghu-kinmen-matsu-no-3-tpkm3,0.0,0,0,桶盤漁港 Tongpan,2026-08-28T11:34:06.990542+00:00,,,52.5,,26.413083,119.9308,eez,2026-08-31T01:00:40.959031+00:00
412441057,MINLIANYU60157,fishing,,412,China,中國,14,critical,1,7.4,1.2,0,taiwan-matsu-no-4;taiwan-penghu-kinmen-matsu-no-3-tpkm3,0.0,0,0,,,,,284.1,未觀測到靠港,26.26542,120.20722,eez,2026-08-30T21:44:18.641860+00:00
412441139,MINLIANYU,fishing,,412,China,中國,14,critical,1,17.8,2.0,2,taiwan-matsu-no-4;taiwan-penghu-kinmen-matsu-no-2-tpkm2;taiwan-penghu-kinmen-matsu-no-3-tpkm3,0.0,0,0,,,,,291.3,未觀測到靠港,26.32436,120.33412,eez,2026-08-31T04:58:30.564755+00:00
412442398,MINLIANYUYUN65387,cargo,,412,China,中國,14,critical,1,4.2,3.4,0,taiwan-matsu-no-4;taiwan-penghu-kinmen-matsu-no-2-tpkm2;taiwan-penghu-kinmen-matsu-no-3-tpkm3,0.0,0,0,,,,,268.4,未觀測到靠港,26.30842,120.07603,eez,2026-08-30T21:44:18.641860+00:00
412442406,MINLIANYUYUN66156,unknown,,412,China,中國,14,critical,1,29.9,0.7,0,e2a;taiwan-penghu-kinmen-matsu-no-3-tpkm3;taiwan-strait-express-1-tse-1,0.0,0,0,,,,,291.3,未觀測到靠港,25.87345,120.24671,eez,2026-08-31T04:58:30.564755+00:00
412442808,MINCHANGYU23037,fishing,,412,China,中國,14,critical,1,44.2,1.4,0,taiwan-penghu-kinmen-matsu-no-3-tpkm3;taiwan-strait-express-1-tse-1,0.0,0,0,,,,,286.6,未觀測到靠港,25.91514,119.81435,eez,2026-08-30T15:52:29.078583+00:00
412443026,MINCHANGYU23169,fishing,,412,China,中國,14,critical,1,21.2,0.7,0,taiwan-penghu-kinmen-matsu-no-3-tpkm3;taiwan-strait-express-1-tse-1,0.0,0,0,閩江口錨地 Minjiangkou,2026-08-28T21:39:12.654619+00:00,,,46.1,,25.87917,119.8726,eez,2026-08-31T01:00:40.959031+00:00
412444189,MINLONGYU66824,fishing,,412,China,中國,14,critical,1,6.8,3.2,1,taiwan-penghu-kinmen-matsu-no-3-tpkm3,0.0,0,0,,,,,286.6,未觀測到靠港,24.31109,118.49252,eez,2026-08-30T15:52:29.078583+00:00
412444525,61152,fishing,,412,China,中國,14,critical,1,9.6,3.4,0,taiwan-penghu-kinmen-matsu-no-2-tpkm2;taiwan-penghu-kinmen-matsu-no-3-tpkm3,0.0,0,0,,,,,289.6,未觀測到靠港,24.21554,118.50868,eez,2026-08-31T04:58:30.564755+00:00
412444744,62689,unknown,,412,China,中國,14,critical,1,4.0,2.8,0,taiwan-penghu-kinmen-matsu-no-3-tpkm3,0.0,0,0,,,,,291.3,未觀測到靠港,24.22942,118.59938,eez,2026-08-31T04:58:30.564755+00:00
412445234,61859GYU61859,fishing,,412,China,中國,14,critical,1,3.5,2.6,1,taiwan-penghu-kinmen-matsu-no-2-tpkm2;taiwan-penghu-kinmen-matsu-no-3-tpkm3,0.0,0,0,,,,,279.4,未觀測到靠港,24.34626,118.69131,eez,2026-08-31T04:58:30.564755+00:00
412445533,01285,fishing,,412,China,中國,14,critical,1,7.8,2.7,1,taiwan-penghu-kinmen-matsu-no-2-tpkm2;taiwan-penghu-kinmen-matsu-no-3-tpkm3,0.0,0,0,,,,,284.0,未觀測到靠港,24.32148,118.62035,eez,2026-08-31T04:58:30.564755+00:00
412447217,MIN LONG YU 61855,fishing,,412,China,中國,14,critical,1,4.2,2.7,0,taiwan-penghu-kinmen-matsu-no-2-tpkm2;taiwan-penghu-kinmen-matsu-no-3-tpkm3,0.0,0,0,,,,,267.3,未觀測到靠港,24.30135,118.69794,eez,2026-08-30T15:52:29.078583+00:00
412451653,MIN SHI YU 06526,fishing,,412,China,中國,14,critical,1,7.7,3.7,1,taiwan-penghu-kinmen-matsu-no-2-tpkm2;taiwan-penghu-kinmen-matsu-no-3-tpkm3,0.0,0,0,,,,,278.2,未觀測到靠港,24.46127,118.68922,eez,2026-08-30T15:52:29.078583+00:00
413240370,HUIYING169,cargo,,413,China,中國,14,critical,1,6.1,1.1,1,southeast-asia-japan-cable-sjc;taiwan-penghu-kinmen-matsu-no-2-tpkm2;taiwan-penghu-kinmen-matsu-no-3-tpkm3,0.0,0,0,深滬灣/圍頭東 Shenhu,2026-08-29T07:12:39.299265+00:00,,,26.2,,26.511167,119.83044,eez,2026-08-30T18:16:08.308925+00:00
413265270,JI XIANG JIN XIU,cargo,,413,China,中國,14,critical,1,14.2,0.7,1,taiwan-penghu-kinmen-matsu-no-2-tpkm2;taiwan-penghu-kinmen-matsu-no-3-tpkm3,0.0,0,0,深滬灣/圍頭東 Shenhu,2026-08-09T12:37:39.775245+00:00,深滬灣/圍頭東 Shenhu,2026-08-30T05:34:21.607312+00:00,495.2,,24.627695,118.43344,eez,2026-08-30T15:52:29.078583+00:00
413305640,ZHONG HAI YOU 668,tanker,,413,China,中國,14,critical,1,28.0,0.3,1,taiwan-penghu-kinmen-matsu-no-2-tpkm2;taiwan-penghu-kinmen-matsu-no-3-tpkm3;taiwan-strait-express-1-tse-1,0.0,0,0,閩江口錨地 Minjiangkou,2026-08-30T15:52:29.078583+00:00,,,10.7,,26.259278,119.795867,eez,2026-08-31T04:58:30.564755+00:00
413313110,HAISHENGJIA877,cargo,,413,China,中國,14,critical,1,0,,0,,9.2,0,0,,,,,547.5,未觀測到靠港,26.222897,119.826453,eez,2026-08-31T04:58:30.564755+00:00
413400630,HAI XIN YOU 602,tanker,,413,China,中國,14,critical,1,0,,0,southeast-asia-japan-cable-sjc;taiwan-penghu-kinmen-matsu-no-2-tpkm2;taiwan-penghu-kinmen-matsu-no-3-tpkm3,6.8,0,0,湄洲灣泉港 Meizhouwan,2026-08-23T09:18:24.059147+00:00,同安灣/廈門灣北 Tongan,2026-08-30T04:54:33.141207+00:00,157.7,,24.538443,118.088113,eez,2026-08-31T04:58:30.564755+00:00
413521630,YU JIA 9,cargo,,413,China,中國,14,critical,1,44.6,0.3,0,taiwan-penghu-kinmen-matsu-no-3-tpkm3,2.6,0,0,,,,,354.7,未觀測到靠港,27.635933,121.113948,eez,2026-08-23T04:07:26.915880+00:00
413551460,TONG YANG HUA RUI,cargo,,413,China,中國,14,critical,1,3.9,0.2,0,apcn-2;taiwan-penghu-kinmen-matsu-no-2-tpkm2;taiwan-penghu-kinmen-matsu-no-3-tpkm3,0.0,0,0,汕頭港外 Shantou-appr,2026-08-15T17:12:34.210950+00:00,,,297.6,,24.107133,118.365773,eez,2026-08-31T01:00:40.959031+00:00
413706310,DONG SHAN 27,cargo,,413,China,中國,14,critical,1,62.7,0.1,0,taiwan-penghu-kinmen-matsu-no-2-tpkm2;taiwan-penghu-kinmen-matsu-no-3-tpkm3;taiwan-strait-express-1-tse-1,0.0,0,0,廈門 Xiamen,2026-08-18T07:59:01.775479+00:00,,,308.0,,24.433532,117.841827,eez,2026-08-31T04:58:30.564755+00:00
414693000,REN JIAN 16,cargo,,414,China,中國,14,critical,1,3.5,1.6,0,taiwan-matsu-no-4;taiwan-penghu-kinmen-matsu-no-2-tpkm2;taiwan-penghu-kinmen-matsu-no-3-tpkm3,0.0,0,0,,,,,41.2,未觀測到靠港,26.462538,121.222302,eez,2026-08-10T02:39:24.028616+00:00
416000427,DER SHUEN 26,fishing,,416,Taiwan,台灣,14,critical,1,4.2,4.0,1,apcn-2;eac-c2c;faster,0.0,0,0,野柳漁港 Yehliu,2026-08-29T02:56:44.800599+00:00,,,33.2,,25.58655,121.783573,territorial_sea,2026-08-30T15:52:29.078583+00:00
416003784,CHYUAN MEEI NO.168,fishing,,416,Taiwan,台灣,14,critical,1,23.9,1.0,0,apcn-2;eac-c2c;faster,0.0,0,0,望海巷漁港 Wanghaixiang,2026-08-30T00:54:50.080310+00:00,,,10.3,,25.977538,122.061867,contiguous_zone,2026-08-30T15:52:29.078583+00:00
416005880,SH1098,fishing,,416,Taiwan,台灣,14,critical,1,9.0,2.2,0,eac-c2c;faster;taiwan-penghu-kinmen-matsu-no-3-tpkm3,0.0,0,0,,,,,411.1,未觀測到靠港,23.49058,119.27529,territorial_sea,2026-08-30T05:34:21.607312+00:00
416005926,SHYANG FA NO.66,fishing,,416,Taiwan,台灣,14,critical,1,11.8,0.8,0,apcn-2;eac-c2c;faster,0.0,0,0,水尾漁港 Shuiwei,2026-08-20T05:53:01.460793+00:00,,,226.0,,25.825933,121.943998,contiguous_zone,2026-08-30T15:52:29.078583+00:00
416006664,HSIEHCHIENNO,fishing,,416,Taiwan,台灣,14,critical,1,4.0,0.5,0,apcn-2;eac-c2c;faster,0.0,0,0,長潭里漁港 Changtanli,2026-08-21T01:42:54.233853+00:00,,,186.4,,25.153905,121.83122,internal_waters,2026-08-30T05:34:21.607312+00:00
431350000,ONE HELSINKI,cargo,,431,Japan,日本,14,critical,1,8.1,1.5,0,taiwan-penghu-kinmen-matsu-no-2-tpkm2;taiwan-penghu-kinmen-matsu-no-3-tpkm3,1.6,0,0,,,,,47.4,未觀測到靠港,26.88095,121.862783,eez,2026-08-10T08:55:07.609550+00:00
45280147,ZHEDAIYU04528-147,unknown,,452,Unknown,未知,14,critical,1,28.0,0.9,0,taiwan-penghu-kinmen-matsu-no-3-tpkm3,0.0,1,0,,,,,45.6,未觀測到靠港,26.32977,120.46135,eez,2026-08-20T23:17:11.148940+00:00
477711900,GREAT QIN,cargo,,477,Hong Kong,香港,14,critical,1,9.7,1.0,1,apcn-2;flag-north-asia-loopreach-north-asia-loop;taiwan-penghu-kinmen-matsu-no-3-tpkm3,0.0,0,0,廈門 Xiamen,2026-08-30T05:34:21.607312+00:00,,,3.8,,23.392407,119.035762,contiguous_zone,2026-08-30T15:52:29.078583+00:00
477769500,FENG SHUN,cargo,,477,Hong Kong,香港,14,critical,1,16.0,1.0,0,eac-c2c;faster;taiwan-penghu-kinmen-matsu-no-3-tpkm3,0.0,0,0,台北港 Taipei,2026-08-21T19:19:16.495479+00:00,,,6.8,,26.095707,122.672723,eez,2026-08-22T04:01:45.765640+00:00
538005805,MARLIN AMMOLITE,tanker,,538,Marshall Islands,馬紹爾群島,14,critical,1,10.0,1.4,1,apcn-2;h2-cable;taiwan-penghu-kinmen-matsu-no-3-tpkm3,0.0,0,0,深澳漁港 Shenao,2026-08-30T00:54:50.080310+00:00,,,0.7,,26.001487,122.182768,contiguous_zone,2026-08-30T05:34:21.607312+00:00
538006031,SAMATAN,cargo,,538,Marshall Islands,馬紹爾群島,14,critical,1,3.5,1.7,1,apcn-2;flag-europe-asia-fea;h2-cable,4.4,0,0,,,,,143.1,未觀測到靠港,24.301925,121.764743,internal_waters,2026-08-31T04:58:30.564755+00:00
538009915,TS NAGOYA,cargo,,538,Marshall Islands,馬紹爾群島,14,critical,1,5.3,1.1,1,apcn-2;pacific-light-cable-network-plcn;taiwan-penghu-kinmen-matsu-no-3-tpkm3,0.0,0,0,基隆港 Keelung,2026-08-26T11:20:16.155309+00:00,,,40.4,,27.123063,122.969062,eez,2026-08-28T05:01:48.482487+00:00
538010555,ROSEWOOD,cargo,,538,Marshall Islands,馬紹爾群島,14,critical,1,10.0,0.8,1,flag-europe-asia-fea;flag-north-asia-loopreach-north-asia-loop;southeast-asia-japan-cable-2-sjc2,5.6,0,0,,,,,169.5,未觀測到靠港,24.258267,120.434333,internal_waters,2026-08-31T04:58:30.564755+00:00
563281500,YM WARMTH,cargo,,563,Singapore,新加坡,14,critical,1,6.9,1.8,0,apcn-2;taiwan-penghu-kinmen-matsu-no-2-tpkm2;taiwan-penghu-kinmen-matsu-no-3-tpkm3,3.7,0,0,,,,,100.8,未觀測到靠港,22.879265,117.3416,eez,2026-08-12T14:14:44.121110+00:00
563287700,HAIPHONG EXPRESS,cargo,,563,Singapore,新加坡,14,critical,1,29.2,1.2,0,apcn-2;seamewe-3;southeast-asia-japan-cable-sjc,0.0,0,0,廈門 Xiamen,2026-08-24T04:13:24.721954+00:00,,,14.2,,25.83563,121.237277,eez,2026-08-24T19:22:01.181129+00:00
565312000,CEMTEX LEADER,cargo,,565,Singapore,新加坡,14,critical,1,4.9,0.8,0,apcn-2;taiwan-penghu-kinmen-matsu-no-3-tpkm3;taiwan-strait-express-1-tse-1,0.0,0,0,前鎮漁港 Qianzhen,2026-08-24T09:36:53.209692+00:00,,,6.1,,21.369563,119.817012,eez,2026-08-24T17:23:00.120347+00:00
620800141,SHUN FONG,cargo,,620,Comoros,葛摩,14,critical,1,0,,0,,6.7,1,0,,,,,547.5,未觀測到靠港,22.781735,120.136217,internal_waters,2026-08-31T04:58:30.564755+00:00
636025397,SHIRAYUKI,tanker,,636,Liberia,賴比瑞亞,14,critical,1,11.1,1.6,0,flag-europe-asia-fea;taiwan-penghu-kinmen-matsu-no-3-tpkm3;taiwan-strait-express-1-tse-1,0.0,0,0,,,,,261.7,未觀測到靠港,21.229203,119.673302,eez,2026-08-19T07:12:47.553747+00:00
200010610,NETFISHING       8V0,unknown,,200,Unknown,未知,13,critical,1,6.2,2.5,0,asia-united-gateway-east-aug-east;flag-north-asia-loopreach-north-asia-loop,0.0,1,0,,,,,482.8,未觀測到靠港,23.829382,122.564452,eez,2026-08-31T04:58:30.564755+00:00
219019139,MARSTAL MAERSK,cargo,,219,Unknown,未知,13,critical,1,4.0,1.9,0,eac-c2c;seamewe-3;taiwan-strait-express-1-tse-1,0.0,1,0,,,,,201.8,未觀測到靠港,22.369733,119.144883,eez,2026-08-16T19:14:28.847440+00:00
311002209,MMSI-311002209,cargo,,311,Bahamas,巴哈馬,13,critical,1,64.4,0.1,0,taiwan-penghu-kinmen-matsu-no-2-tpkm2;taiwan-penghu-kinmen-matsu-no-3-tpkm3;taiwan-strait-express-1-tse-1,2.7,1,0,廈門 Xiamen,2026-08-19T17:22:27.669589+00:00,,,10.6,,22.990913,117.4388,eez,2026-08-20T05:53:01.460793+00:00
311002380,AH HIRYU,cargo,,311,Bahamas,巴哈馬,13,critical,1,10.7,0.2,0,taiwan-penghu-kinmen-matsu-no-3-tpkm3;taiwan-strait-express-1-tse-1,8.1,1,0,,,,,199.7,未觀測到靠港,27.038817,121.36155,eez,2026-08-16T17:12:02.175926+00:00
341628002,MERCURY,cargo,,341,St Kitts & Nevis,聖克里斯多福,13,critical,1,0,,0,,9.2,1,0,高雄港 Kaohsiung,2026-08-14T06:50:09.036254+00:00,,,404.3,,22.6519,120.229517,internal_waters,2026-08-31T04:58:30.564755+00:00
352003952,MAERSK PORT KLANG,cargo,,352,Panama,巴拿馬,13,critical,1,5.6,0.7,0,apcn-2;seamewe-3;taiwan-matsu-no-4,0.0,0,0,,,,,405.8,未觀測到靠港,27.278205,122.244423,eez,2026-08-25T07:16:54.436290+00:00
355837000,ESTEEM ASTRO,tanker,,355,Panama,巴拿馬,13,critical,1,0,,0,seamewe-3,12.1,0,0,,,,,308.2,未觀測到靠港,21.771837,119.74062,eez,2026-08-28T05:01:48.482487+00:00
373448000,SEEDIQ BENEFIT,cargo,,373,Panama,巴拿馬,13,critical,1,8.7,2.3,1,apcn-2;h2-cable;orca,0.0,1,0,蘇澳港 Suao,2026-08-30T00:54:50.080310+00:00,,,0.7,,24.72304,122.16887,contiguous_zone,2026-08-30T05:34:21.607312+00:00
412022116,MINLIANYU22116,fishing,,412,China,中國,13,critical,1,6.6,0.7,0,taiwan-penghu-kinmen-matsu-no-3-tpkm3;taiwan-strait-express-1-tse-1,0.0,0,0,,,,,320.3,未觀測到靠港,26.253637,119.794483,eez,2026-08-29T13:14:06.253758+00:00
412441075,MINLIANYU61785,fishing,,412,China,中國,13,critical,1,7.4,3.0,0,taiwan-penghu-kinmen-matsu-no-2-tpkm2;taiwan-penghu-kinmen-matsu-no-3-tpkm3;taiwan-strait-express-1-tse-1,0.0,0,0,,,,,291.3,未觀測到靠港,26.18415,120.56158,eez,2026-08-31T04:58:30.564755+00:00
412441236,MINLIANYU68975,fishing,,412,China,中國,13,critical,1,4.7,1.8,1,taiwan-matsu-no-4;taiwan-penghu-kinmen-matsu-no-3-tpkm3;taiwan-strait-express-1-tse-1,0.0,0,0,,,,,402.7,未觀測到靠港,26.172868,120.170463,eez,2026-08-30T00:54:50.080310+00:00
412441298,MINLIANYU68965,fishing,,412,China,中國,13,critical,1,7.8,1.6,1,taiwan-penghu-kinmen-matsu-no-3-tpkm3;taiwan-strait-express-1-tse-1,0.0,0,0,,,,,287.1,未觀測到靠港,25.81911,120.51455,eez,2026-08-31T01:00:40.959031+00:00
412441368,MIN LIAN YU 61715,fishing,,412,China,中國,13,critical,1,9.2,3.1,1,taiwan-matsu-no-4;taiwan-penghu-kinmen-matsu-no-2-tpkm2;taiwan-penghu-kinmen-matsu-no-3-tpkm3,0.0,0,0,,,,,263.3,未觀測到靠港,25.68662,120.65148,eez,2026-08-30T00:54:50.080310+00:00
412441919,MINLIANYUYUN60808,fishing,,412,China,中國,13,critical,1,10.9,2.5,0,taiwan-matsu-no-4;taiwan-penghu-kinmen-matsu-no-2-tpkm2;taiwan-penghu-kinmen-matsu-no-3-tpkm3,0.0,0,0,,,,,291.3,未觀測到靠港,26.26765,120.75507,eez,2026-08-31T04:58:30.564755+00:00
412441932,MINLIANYUYUN62031,fishing,,412,China,中國,13,critical,1,6.0,1.9,0,taiwan-matsu-no-4;taiwan-penghu-kinmen-matsu-no-2-tpkm2;taiwan-penghu-kinmen-matsu-no-3-tpkm3,0.0,0,0,,,,,360.0,未觀測到靠港,26.265783,120.0939,eez,2026-08-30T04:54:33.141207+00:00
412442105,MINLIANYU68896,fishing,,412,China,中國,13,critical,1,15.4,1.7,0,eac-c2c;taiwan-matsu-no-4;taiwan-penghu-kinmen-matsu-no-3-tpkm3,0.0,0,0,,,,,215.0,未觀測到靠港,26.32067,119.88243,eez,2026-08-28T11:34:06.990542+00:00
412442157,MINLIANYU60006,fishing,,412,China,中國,13,critical,1,18.4,3.4,0,taiwan-matsu-no-4;taiwan-penghu-kinmen-matsu-no-3-tpkm3;taiwan-strait-express-1-tse-1,0.0,0,0,,,,,291.3,未觀測到靠港,25.84513,120.2713,eez,2026-08-31T04:58:30.564755+00:00
412442463,MINCHANGYU23166,fishing,,412,China,中國,13,critical,1,21.8,1.6,0,taiwan-penghu-kinmen-matsu-no-3-tpkm3;taiwan-strait-express-1-tse-1,0.0,0,0,閩江口錨地 Minjiangkou,2026-08-26T16:10:14.987861+00:00,,,49.2,,25.90755,119.77123,eez,2026-08-30T21:44:18.641860+00:00
412443045,MINCHANGYUYUN23377,fishing,,412,China,中國,13,critical,1,4.2,1.1,0,taiwan-matsu-no-4;taiwan-penghu-kinmen-matsu-no-3-tpkm3;taiwan-strait-express-1-tse-1,0.0,0,0,,,,,287.4,未觀測到靠港,25.94093,119.82632,eez,2026-08-31T01:00:40.959031+00:00
412443943,MINFUZHOUYU65895,fishing,,412,China,中國,13,critical,1,7.7,1.7,2,taiwan-penghu-kinmen-matsu-no-3-tpkm3;taiwan-strait-express-1-tse-1,0.0,0,0,閩江口錨地 Minjiangkou,2026-08-25T09:06:24.201787+00:00,,,33.1,,25.88292,119.8414,eez,2026-08-30T12:03:28.899785+00:00
412446421,MINLIANYU62167,fishing,,412,China,中國,13,critical,1,8.3,3.5,1,taiwan-penghu-kinmen-matsu-no-3-tpkm3;taiwan-strait-express-1-tse-1,0.0,0,0,,,,,285.6,未觀測到靠港,23.58238,117.86789,eez,2026-08-31T01:00:40.959031+00:00
412447651,MINLIANYU63853,fishing,,412,China,中國,13,critical,1,3.8,3.1,1,taiwan-matsu-no-4;taiwan-penghu-kinmen-matsu-no-2-tpkm2;taiwan-penghu-kinmen-matsu-no-3-tpkm3,0.0,0,0,,,,,201.7,未觀測到靠港,26.0483,120.59078,eez,2026-08-31T04:58:30.564755+00:00
413225190,YONG SHENG 689,cargo,,413,China,中國,13,critical,1,0,,0,,11.7,0,0,,,,,532.4,未觀測到靠港,26.445358,119.919907,eez,2026-08-30T21:44:18.641860+00:00
413360230,AN RUN DA 2,cargo,,413,China,中國,13,critical,1,0,,0,taiwan-penghu-kinmen-matsu-no-3-tpkm3;taiwan-strait-express-1-tse-1,13.0,0,0,,,,,547.5,未觀測到靠港,26.325328,119.854378,eez,2026-08-31T04:58:30.564755+00:00
416001071,YIH DAH NO.168,fishing,,416,Taiwan,台灣,13,critical,1,31.5,3.1,0,apcn-2;eac-c2c;faster,0.0,0,0,正濱漁港 Zhengbin,2026-08-31T01:00:40.959031+00:00,,,0.0,,25.571985,121.927722,territorial_sea,2026-08-31T04:58:30.564755+00:00
440177000,RAON TERESA,tanker,,440,South Korea,韓國,13,critical,1,21.5,0.1,1,eac-c2c;taiwan-penghu-kinmen-matsu-no-2-tpkm2;taiwan-penghu-kinmen-matsu-no-3-tpkm3,0.0,1,0,前鎮漁港 Qianzhen,2026-08-13T08:48:45.749355+00:00,,,281.5,,22.390767,119.706567,contiguous_zone,2026-08-25T03:24:02.425571+00:00
477118600,COSCO SHIPPING RHINE,cargo,,477,Hong Kong,香港,13,critical,1,3.4,0.9,0,apcn-2;taiwan-penghu-kinmen-matsu-no-2-tpkm2;taiwan-penghu-kinmen-matsu-no-3-tpkm3,0.0,0,0,,,,,212.0,未觀測到靠港,23.086762,117.330882,eez,2026-08-17T01:59:37.857320+00:00
477928900,BOHAI STAR,cargo,,477,Hong Kong,香港,13,critical,1,3.8,2.5,1,taiwan-penghu-kinmen-matsu-no-3-tpkm3;taiwan-strait-express-1-tse-1;trans-pacific-express-tpe-cable-system,0.0,0,0,廈門 Xiamen,2026-08-30T05:34:21.607312+00:00,,,13.0,,24.97395,119.382213,eez,2026-08-31T01:00:40.959031+00:00
548747000,ANELA SKY,cargo,,548,Philippines,菲律賓,13,critical,1,15.3,0.8,0,apcn-2;flag-north-asia-loopreach-north-asia-loop;southeast-asia-japan-cable-2-sjc2,2.2,1,0,,,,,547.5,未觀測到靠港,24.259028,118.965108,eez,2026-08-31T04:58:30.564755+00:00
563137200,RU YI II,cargo,,563,Singapore,新加坡,13,critical,1,6.2,1.2,0,seamewe-3;taiwan-penghu-kinmen-matsu-no-3-tpkm3;taiwan-strait-express-1-tse-1,0.0,0,0,,,,,47.4,未觀測到靠港,26.968235,121.8014,eez,2026-08-10T08:55:07.609550+00:00
631109543,FU YUN8,tanker,,631,Equatorial Guinea,赤道幾內亞,13,critical,1,3.5,0.2,0,trans-pacific-express-tpe-cable-system,0.0,1,0,,,,,3.5,未觀測到靠港,25.8092,121.552652,eez,2026-08-14T23:13:03.942837+00:00
667001413,FUSHUN8,tanker,,667,Sierra Leone,獅子山,13,critical,1,47.7,3.3,1,eac-c2c;taiwan-penghu-kinmen-matsu-no-3-tpkm3;taiwan-strait-express-1-tse-1,0.0,1,0,,,,,547.5,未觀測到靠港,22.896015,120.054552,internal_waters,2026-08-31T04:58:30.564755+00:00
677025700,LONG AN,cargo,,677,Tanzania,坦尚尼亞,13,critical,1,0,,0,,7.1,1,0,,,,,536.8,未觀測到靠港,22.72316,120.176533,internal_waters,2026-08-30T18:16:08.308925+00:00
12025948,CT2-5948.2       8V2,unknown,,120,Unknown,未知,12,critical,1,6.2,0.8,1,asia-united-gateway-east-aug-east,0.0,1,0,蘇澳港 Suao,2026-08-29T18:01:43.259492+00:00,南方澳漁港 Nanfangao,2026-08-30T14:06:31.206236+00:00,3.5,,24.577643,121.868435,internal_waters,2026-08-31T04:58:30.564755+00:00
19005602,CT2-5602-9       7V9,unknown,,190,Unknown,未知,12,critical,1,11.0,1.4,0,apcn-2;e2a;h2-cable,0.0,1,0,,,,,411.8,未觀測到靠港,24.882337,122.272345,contiguous_zone,2026-08-29T18:01:43.259492+00:00
22005602,CT2-5602-12      8V0,unknown,,220,Unknown,未知,12,critical,1,9.2,2.2,1,apcn-2;e2a;flag-north-asia-loopreach-north-asia-loop,0.0,1,0,,,烏石漁港 Wushi,2026-08-30T15:52:29.078583+00:00,431.9,,24.868468,121.836993,internal_waters,2026-08-30T15:52:29.078583+00:00
241431000,MARAN HOPE,cargo,,241,Greece,希臘,12,critical,1,6.0,1.0,1,flag-north-asia-loopreach-north-asia-loop;southeast-asia-japan-cable-2-sjc2;taiwan-penghu-kinmen-matsu-no-3-tpkm3,0.0,1,0,,,,,167.0,未觀測到靠港,26.380145,120.212257,eez,2026-08-31T01:00:40.959031+00:00
269085000,DIAVOLEZZA,cargo,,269,Unknown,未知,12,critical,1,13.3,0.9,0,apcn-2;taiwan-penghu-kinmen-matsu-no-2-tpkm2,0.0,1,0,,,,,52.1,未觀測到靠港,27.208092,121.5642,eez,2026-08-10T10:09:28.663144+00:00
27005602,CT2-5602-17      7V9,unknown,,270,Unknown,未知,12,critical,1,10.1,2.4,1,apcn-2;e2a;h2-cable,0.0,1,0,,,烏石漁港 Wushi,2026-08-30T15:52:29.078583+00:00,411.8,,24.8677,121.838052,internal_waters,2026-08-30T15:52:29.078583+00:00
28005602,CT2-5602-18      8V4,unknown,,280,Unknown,未知,12,critical,1,10.8,0.8,1,apcn-2;e2a;h2-cable,0.0,1,0,,,烏石漁港 Wushi,2026-08-30T15:52:29.078583+00:00,418.7,,24.868268,121.837207,internal_waters,2026-08-30T15:52:29.078583+00:00
30005602,CT2-5602-20      7V9,unknown,,300,Unknown,未知,12,critical,1,9.3,2.2,1,apcn-2;e2a;h2-cable,0.0,1,0,蘇澳港 Suao,2026-08-23T23:11:58.309392+00:00,烏石漁港 Wushi,2026-08-30T15:52:29.078583+00:00,24.9,,24.868498,121.837013,internal_waters,2026-08-30T15:52:29.078583+00:00
341890000,HONG XING,cargo,,341,St Kitts & Nevis,聖克里斯多福,12,critical,1,1.2,,0,taiwan-penghu-kinmen-matsu-no-3-tpkm3,18.3,1,0,,,,,512.6,未觀測到靠港,24.118843,119.593165,contiguous_zone,2026-08-29T18:01:43.259492+00:00
352004467,JUI HO,cargo,,352,Panama,巴拿馬,12,critical,1,6.0,0.2,0,flag-north-asia-loopreach-north-asia-loop;seamewe-3;tpu,0.0,0,0,高雄港 Kaohsiung,2026-08-31T01:00:40.959031+00:00,,,0.0,,23.275167,119.93455,internal_waters,2026-08-31T04:58:30.564755+00:00
354255000,LUCKY BAY,cargo,,354,Panama,巴拿馬,12,critical,1,62.8,0.2,0,apcn-2;eac-c2c,0.0,0,0,基隆港 Keelung,2026-08-22T13:24:33.669284+00:00,,,4.1,,25.652537,122.834565,eez,2026-08-22T19:15:52.925374+00:00
356468000,TRANS FUTURE 11,cargo,,356,Panama,巴拿馬,12,critical,1,7.6,1.0,1,taiwan-penghu-kinmen-matsu-no-3-tpkm3;taiwan-strait-express-1-tse-1;trans-pacific-express-tpe-cable-system,0.0,0,0,台北港 Taipei,2026-08-31T01:00:40.959031+00:00,,,0.0,,25.135862,121.017333,territorial_sea,2026-08-31T04:58:30.564755+00:00
357874000,EVER USEFUL,cargo,,357,Panama,巴拿馬,12,critical,1,4.8,1.5,0,apcn-2;taiwan-penghu-kinmen-matsu-no-3-tpkm3;taiwan-strait-express-1-tse-1,0.0,0,0,鳳鼻頭漁港 Fengbitou,2026-08-22T19:15:52.925374+00:00,,,4.9,,22.436337,119.178237,eez,2026-08-23T02:07:00.101264+00:00
371320000,TRANS FUTURE 8,cargo,,371,Panama,巴拿馬,12,critical,1,4.5,1.0,0,taiwan-penghu-kinmen-matsu-no-3-tpkm3,0.0,1,0,,,,,54.4,未觀測到靠港,25.832313,120.551578,eez,2026-08-10T15:51:10.148482+00:00
411999333,MIN MIN YU11036,fishing,,411,Unknown,未知,12,critical,1,5.8,2.0,0,taiwan-strait-express-1-tse-1,0.0,1,0,福清灣/海壇 Fuqing,2026-08-22T09:18:02.581605+00:00,,,46.1,,26.08638,119.74062,eez,2026-08-31T01:00:40.959031+00:00
412062223,62223,fishing,,412,China,中國,12,critical,1,6.1,1.4,0,taiwan-strait-express-1-tse-1,0.0,0,0,,,,,239.3,未觀測到靠港,26.20185,119.85477,eez,2026-08-30T00:54:50.080310+00:00
412270780,69566,fishing,,412,China,中國,12,critical,1,8.2,1.8,1,taiwan-matsu-no-4;taiwan-penghu-kinmen-matsu-no-3-tpkm3,0.0,0,0,,,,,251.0,未觀測到靠港,26.11685,119.8504,eez,2026-08-30T18:16:08.308925+00:00
412440163,MINLIANYUYUN60156,fishing,,412,China,中國,12,critical,1,3.0,3.0,0,taiwan-penghu-kinmen-matsu-no-2-tpkm2;taiwan-penghu-kinmen-matsu-no-3-tpkm3,0.0,0,0,,,,,291.3,未觀測到靠港,26.19744,120.61077,eez,2026-08-31T04:58:30.564755+00:00
412441044,MINLIANYU60129,fishing,,412,China,中國,12,critical,1,16.5,1.4,0,taiwan-penghu-kinmen-matsu-no-3-tpkm3,0.0,0,0,,,,,280.7,未觀測到靠港,26.35334,120.01715,eez,2026-08-30T12:03:28.899785+00:00
412441056,MINLIANYU60135,fishing,,412,China,中國,12,critical,1,14.4,0.6,1,taiwan-penghu-kinmen-matsu-no-3-tpkm3,0.0,0,0,,,,,287.4,未觀測到靠港,26.39284,120.03185,eez,2026-08-31T01:00:40.959031+00:00
412441212,MINLIANYU60162,fishing,,412,China,中國,12,critical,1,15.6,1.1,1,taiwan-penghu-kinmen-matsu-no-3-tpkm3,0.0,0,0,,,,,291.3,未觀測到靠港,26.3332,120.0592,eez,2026-08-31T04:58:30.564755+00:00
412441228,MIN LIAN YU60455,fishing,,412,China,中國,12,critical,1,17.4,0.7,1,taiwan-matsu-no-4;taiwan-penghu-kinmen-matsu-no-3-tpkm3,0.0,0,0,,,,,299.8,未觀測到靠港,26.34015,120.034655,eez,2026-08-30T00:54:50.080310+00:00
412441268,MINLIANYU61518,fishing,,412,China,中國,12,critical,1,6.6,2.5,0,taiwan-matsu-no-4;taiwan-penghu-kinmen-matsu-no-3-tpkm3;taiwan-strait-express-1-tse-1,0.0,0,0,,,,,287.4,未觀測到靠港,26.31811,119.87788,eez,2026-08-31T01:00:40.959031+00:00
412441363,MINLIANYU68983,fishing,,412,China,中國,12,critical,1,7.8,3.4,2,taiwan-matsu-no-4;taiwan-penghu-kinmen-matsu-no-3-tpkm3;taiwan-strait-express-1-tse-1,0.0,0,0,,,,,282.7,未觀測到靠港,25.91189,120.48066,eez,2026-08-30T12:03:28.899785+00:00
412441388,MINLIANYU68863,fishing,,412,China,中國,12,critical,1,10.0,0.3,0,taiwan-penghu-kinmen-matsu-no-3-tpkm3;taiwan-strait-express-1-tse-1,0.0,0,0,,,,,291.3,未觀測到靠港,26.02284,119.85977,eez,2026-08-31T04:58:30.564755+00:00
412441558,MIN LIAN YU 61038,fishing,,412,China,中國,12,critical,1,12.1,3.3,0,taiwan-matsu-no-4;taiwan-penghu-kinmen-matsu-no-3-tpkm3;taiwan-strait-express-1-tse-1,0.0,0,0,,,,,209.7,未觀測到靠港,26.31104,119.89295,eez,2026-08-29T13:14:06.253758+00:00
412441684,MIN LIAN YU 60981,fishing,,412,China,中國,12,critical,1,11.7,3.4,1,taiwan-matsu-no-4;taiwan-penghu-kinmen-matsu-no-3-tpkm3;taiwan-strait-express-1-tse-1,0.0,0,0,,,,,270.9,未觀測到靠港,26.12945,120.23674,eez,2026-08-24T05:07:50.163540+00:00
412441699,MIN LIAN YU 68888,fishing,,412,China,中國,12,critical,1,10.6,3.1,0,taiwan-matsu-no-4;taiwan-penghu-kinmen-matsu-no-2-tpkm2;taiwan-penghu-kinmen-matsu-no-3-tpkm3,0.0,0,0,,,,,291.3,未觀測到靠港,26.24703,120.71323,eez,2026-08-31T04:58:30.564755+00:00
412441744,MINLIANYU61735,fishing,,412,China,中國,12,critical,1,3.7,3.5,1,taiwan-matsu-no-4;taiwan-penghu-kinmen-matsu-no-2-tpkm2;taiwan-penghu-kinmen-matsu-no-3-tpkm3,0.0,0,0,,,,,276.3,未觀測到靠港,25.8061,120.70674,eez,2026-08-30T05:34:21.607312+00:00
412441975,MINLIANYU60495,fishing,,412,China,中國,12,critical,1,9.6,2.6,1,taiwan-matsu-no-4;taiwan-penghu-kinmen-matsu-no-2-tpkm2;taiwan-penghu-kinmen-matsu-no-3-tpkm3,0.0,0,0,,,,,291.3,未觀測到靠港,25.90762,120.28823,eez,2026-08-31T04:58:30.564755+00:00
412442126,MINLIANYUYUN61189,fishing,,412,China,中國,12,critical,1,5.3,0.5,1,taiwan-matsu-no-4;taiwan-penghu-kinmen-matsu-no-3-tpkm3,0.0,0,0,,,,,284.8,未觀測到靠港,26.31774,119.88071,eez,2026-08-30T14:06:31.206236+00:00
412442238,MINLIANYUYUN60937,fishing,,412,China,中國,12,critical,1,20.2,1.0,1,taiwan-matsu-no-4;taiwan-penghu-kinmen-matsu-no-3-tpkm3,0.0,0,0,,,,,291.3,未觀測到靠港,26.19067,120.08358,eez,2026-08-31T04:58:30.564755+00:00
412442346,MINLIANYU60322,fishing,,412,China,中國,12,critical,1,18.1,3.5,1,taiwan-matsu-no-4;taiwan-penghu-kinmen-matsu-no-3-tpkm3;taiwan-strait-express-1-tse-1,0.0,0,0,,,,,254.4,未觀測到靠港,25.8738,119.97731,eez,2026-08-29T16:03:35.212630+00:00
412442386,MINLIANYU67777,fishing,,412,China,中國,12,critical,1,10.1,2.9,1,taiwan-matsu-no-4;taiwan-penghu-kinmen-matsu-no-2-tpkm2;taiwan-penghu-kinmen-matsu-no-3-tpkm3,0.0,0,0,,,,,291.3,未觀測到靠港,26.06718,120.67991,eez,2026-08-31T04:58:30.564755+00:00
412442489,MINCHANGYU23038,fishing,,412,China,中國,12,critical,1,38.4,1.1,0,taiwan-matsu-no-4;taiwan-penghu-kinmen-matsu-no-3-tpkm3;taiwan-strait-express-1-tse-1,0.0,0,0,閩江口錨地 Minjiangkou,2026-08-25T05:01:01.249756+00:00,,,34.9,,25.88447,119.76361,eez,2026-08-31T01:00:40.959031+00:00
412442735,MINLIANYU62083,fishing,,412,China,中國,12,critical,1,8.3,3.7,0,taiwan-matsu-no-4;taiwan-penghu-kinmen-matsu-no-3-tpkm3;taiwan-strait-express-1-tse-1,0.0,0,0,,,,,273.2,未觀測到靠港,26.06283,119.9002,eez,2026-08-30T18:16:08.308925+00:00
412442975,MINLIANYU60415,fishing,,412,China,中國,12,critical,1,4.5,2.8,1,taiwan-matsu-no-4;taiwan-penghu-kinmen-matsu-no-2-tpkm2;taiwan-penghu-kinmen-matsu-no-3-tpkm3,0.0,0,0,,,,,287.4,未觀測到靠港,26.3907,120.68809,eez,2026-08-31T01:00:40.959031+00:00
412444124,MINLONGYU66720,fishing,,412,China,中國,12,critical,1,3.9,3.5,0,taiwan-penghu-kinmen-matsu-no-3-tpkm3,0.0,0,0,,,,,286.6,未觀測到靠港,24.28216,118.84568,eez,2026-08-30T15:52:29.078583+00:00
412444321,MINLONGYU66829,fishing,,412,China,中國,12,critical,1,9.8,3.4,1,taiwan-penghu-kinmen-matsu-no-3-tpkm3,0.0,0,0,,,,,291.3,未觀測到靠港,24.31181,118.64952,eez,2026-08-31T04:58:30.564755+00:00
412444343,MINHUIYU02026,fishing,,412,China,中國,12,critical,1,11.9,3.0,2,taiwan-matsu-no-4;taiwan-penghu-kinmen-matsu-no-3-tpkm3;taiwan-strait-express-1-tse-1,0.0,0,0,,,,,287.4,未觀測到靠港,26.32283,119.87797,eez,2026-08-31T01:00:40.959031+00:00
412444353,MINLONGYU61186,fishing,,412,China,中國,12,critical,1,7.7,3.5,0,taiwan-penghu-kinmen-matsu-no-3-tpkm3,0.0,0,0,,,,,274.1,未觀測到靠港,24.17552,118.76361,eez,2026-08-30T12:03:28.899785+00:00
412444365,MINLONGYU61252,fishing,,412,China,中國,12,critical,1,4.5,3.3,1,taiwan-penghu-kinmen-matsu-no-2-tpkm2;taiwan-penghu-kinmen-matsu-no-3-tpkm3,0.0,0,0,,,,,273.2,未觀測到靠港,24.2758,118.90736,eez,2026-08-30T18:16:08.308925+00:00
412444396,MINLIANYU60269,fishing,,412,China,中國,12,critical,1,9.6,3.4,2,taiwan-matsu-no-4;taiwan-penghu-kinmen-matsu-no-2-tpkm2;taiwan-penghu-kinmen-matsu-no-3-tpkm3,0.0,0,0,,,,,291.3,未觀測到靠港,26.54398,120.85106,eez,2026-08-31T04:58:30.564755+00:00
412444518,MINLONGYU61272,fishing,,412,China,中國,12,critical,1,3.7,3.1,1,taiwan-penghu-kinmen-matsu-no-2-tpkm2;taiwan-penghu-kinmen-matsu-no-3-tpkm3,0.0,0,0,,,,,281.8,未觀測到靠港,24.32397,118.11386,eez,2026-08-31T01:00:40.959031+00:00
412444727,MINLIANYU60489,fishing,,412,China,中國,12,critical,1,10.1,2.8,0,taiwan-matsu-no-4;taiwan-penghu-kinmen-matsu-no-2-tpkm2;taiwan-penghu-kinmen-matsu-no-3-tpkm3,0.0,0,0,,,,,280.6,未觀測到靠港,25.90268,120.28456,eez,2026-08-30T18:16:08.308925+00:00
412444745,MINLONGYU62669,fishing,,412,China,中國,12,critical,1,3.8,3.0,0,taiwan-penghu-kinmen-matsu-no-3-tpkm3,0.0,0,0,廈門 Xiamen,2026-08-25T11:18:15.165846+00:00,,,79.9,,24.07371,118.67012,eez,2026-08-28T20:29:50.957857+00:00
412444922,MINLONGYU61819,fishing,,412,China,中國,12,critical,1,14.1,3.3,1,taiwan-penghu-kinmen-matsu-no-3-tpkm3,0.0,0,0,,,,,291.3,未觀測到靠港,24.15615,118.62905,eez,2026-08-31T04:58:30.564755+00:00
412444989,MINLIANYUYUN60066,fishing,,412,China,中國,12,critical,1,4.9,3.5,0,taiwan-matsu-no-4;taiwan-penghu-kinmen-matsu-no-3-tpkm3;taiwan-strait-express-1-tse-1,0.0,0,0,,,,,291.3,未觀測到靠港,26.29152,120.59221,eez,2026-08-31T04:58:30.564755+00:00
412444997,MINLIANYU60036,fishing,,412,China,中國,12,critical,1,14.0,2.7,1,taiwan-matsu-no-4;taiwan-penghu-kinmen-matsu-no-2-tpkm2;taiwan-penghu-kinmen-matsu-no-3-tpkm3,0.0,0,0,,,,,291.3,未觀測到靠港,26.49328,120.73898,eez,2026-08-31T04:58:30.564755+00:00
412445019,MINLONGYU08966,fishing,,412,China,中國,12,critical,1,3.9,0.6,0,taiwan-penghu-kinmen-matsu-no-2-tpkm2;taiwan-penghu-kinmen-matsu-no-3-tpkm3,0.0,0,0,廈門 Xiamen,2026-08-25T07:16:54.436290+00:00,,,140.9,,24.24824,118.33213,eez,2026-08-31T04:58:30.564755+00:00
412445132,MINLIANYU60476,fishing,,412,China,中國,12,critical,1,9.4,3.0,0,taiwan-matsu-no-4;taiwan-penghu-kinmen-matsu-no-2-tpkm2;taiwan-penghu-kinmen-matsu-no-3-tpkm3,0.0,0,0,,,,,291.3,未觀測到靠港,25.75215,120.33588,eez,2026-08-31T04:58:30.564755+00:00
412445199,MINLONGYU,fishing,,412,China,中國,12,critical,1,11.8,0.9,0,taiwan-penghu-kinmen-matsu-no-2-tpkm2;taiwan-penghu-kinmen-matsu-no-3-tpkm3,0.0,0,0,,,,,291.3,未觀測到靠港,24.26547,118.35661,eez,2026-08-31T04:58:30.564755+00:00
412445633,MIN MIN YU 11008,fishing,,412,China,中國,12,critical,1,6.9,1.1,0,taiwan-strait-express-1-tse-1,0.0,0,0,閩江口錨地 Minjiangkou,2026-08-20T03:15:07.947128+00:00,,,247.7,,26.05778,119.75465,eez,2026-08-31T01:00:40.959031+00:00
412447912,MINLONGYU64789,fishing,,412,China,中國,12,critical,1,4.8,0.3,0,cross-straits-cable-network,0.0,0,0,大嶝/圍頭灣 Weitou,2026-08-29T13:14:06.253758+00:00,大嶝/圍頭灣 Weitou,2026-08-30T14:06:31.206236+00:00,0.0,,24.48445,118.23584,eez,2026-08-30T15:52:29.078583+00:00
412452067,MINSHIYU06029,fishing,,412,China,中國,12,critical,1,6.2,3.2,0,taiwan-matsu-no-4;taiwan-penghu-kinmen-matsu-no-3-tpkm3;taiwan-strait-express-1-tse-1,0.0,0,0,,,,,279.4,未觀測到靠港,25.53847,121.05836,eez,2026-08-31T04:58:30.564755+00:00
412477740,TONG XIN YUAN,tanker,,412,China,中國,12,critical,1,27.2,0.6,0,taiwan-matsu-no-4;taiwan-penghu-kinmen-matsu-no-3-tpkm3;taiwan-strait-express-1-tse-1,0.0,0,0,湄洲灣泉港 Meizhouwan,2026-08-25T12:38:09.106164+00:00,,,14.5,,23.254292,117.215313,eez,2026-08-26T04:10:06.436119+00:00
412490802,MINCHANGYU 802,fishing,,412,China,中國,12,critical,1,4.7,1.8,0,taiwan-strait-express-1-tse-1,0.0,0,0,,,,,248.2,未觀測到靠港,26.04462,119.73156,eez,2026-08-30T05:34:21.607312+00:00
412534000,MEI HUA HAI,cargo,,412,China,中國,12,critical,1,3.4,1.0,0,flag-europe-asia-fea;flag-north-asia-loopreach-north-asia-loop;h2-cable,0.0,0,0,,,,,227.3,未觀測到靠港,20.804165,120.810422,eez,2026-08-17T17:19:28.149953+00:00
412704040,TAI GANG,cargo,,412,China,中國,12,critical,1,31.9,0.7,0,taiwan-penghu-kinmen-matsu-no-2-tpkm2;taiwan-penghu-kinmen-matsu-no-3-tpkm3,8.6,0,0,廈門 Xiamen,2026-08-29T21:24:09.012880+00:00,,,28.1,,24.517525,118.560993,eez,2026-08-31T04:58:30.564755+00:00
413220620,MAO YUN 568,cargo,,413,China,中國,12,critical,1,10.1,0.8,1,taiwan-matsu-no-4;taiwan-penghu-kinmen-matsu-no-2-tpkm2;taiwan-penghu-kinmen-matsu-no-3-tpkm3,0.0,0,0,,,,,547.5,未觀測到靠港,26.926815,120.276973,eez,2026-08-31T04:58:30.564755+00:00
413235660,ZHONG HAI YOU 568,tanker,,413,China,中國,12,critical,1,26.0,0.4,1,taiwan-penghu-kinmen-matsu-no-2-tpkm2;taiwan-penghu-kinmen-matsu-no-3-tpkm3,0.0,0,0,廈門 Xiamen,2026-08-30T00:54:50.080310+00:00,莆田湄洲灣 Putian,2026-08-30T14:06:31.206236+00:00,0.7,,25.100113,119.13636,eez,2026-08-31T01:00:40.959031+00:00
413254270,SHOU XIANG,cargo,,413,China,中國,12,critical,1,44.6,0.4,0,taiwan-penghu-kinmen-matsu-no-3-tpkm3;taiwan-strait-express-1-tse-1,0.0,0,0,,,,,524.1,未觀測到靠港,25.77845,119.72515,eez,2026-08-30T05:34:21.607312+00:00
413255560,JIN TAI 118,cargo,,413,China,中國,12,critical,1,20.5,0.2,0,taiwan-penghu-kinmen-matsu-no-3-tpkm3,1.7,0,0,白沙漁港 Baisha,2026-08-09T07:28:42.938720+00:00,,,153.1,,27.587867,121.05864,eez,2026-08-15T17:12:34.210950+00:00
413272940,YI TAI RONG,cargo,,413,China,中國,12,critical,1,5.3,0.5,1,taiwan-penghu-kinmen-matsu-no-3-tpkm3,0.0,0,0,同安灣/廈門灣北 Tongan,2026-08-29T07:12:39.299265+00:00,漳州東山 Dongshan,2026-08-29T21:24:09.012880+00:00,4.8,,23.71698,117.54736,eez,2026-08-29T21:24:09.012880+00:00
413286420,HUA YI 005,cargo,,413,China,中國,12,critical,1,4.1,0.4,1,asia-direct-cable-adc;taiwan-penghu-kinmen-matsu-no-3-tpkm3,0.0,0,0,汕頭港外 Shantou-appr,2026-08-30T00:54:50.080310+00:00,,,24.1,,25.85382,119.920955,eez,2026-08-31T04:58:30.564755+00:00
413295960,QING YUN HE,cargo,,413,China,中國,12,critical,1,5.4,2.1,0,apcn-2;southeast-asia-japan-cable-2-sjc2;taiwan-penghu-kinmen-matsu-no-3-tpkm3,0.0,0,0,廈門 Xiamen,2026-08-25T01:57:17.245352+00:00,,,19.9,,21.532365,121.642462,eez,2026-08-25T23:17:08.770095+00:00
413333930,FEI YUN HE,cargo,,413,China,中國,12,critical,1,5.0,1.6,0,apcn-2;h2-cable;taiwan-penghu-kinmen-matsu-no-3-tpkm3,0.0,0,0,小港臨海新村漁港 Xiaogang,2026-08-25T13:41:01.875804+00:00,,,61.5,,26.2237,122.948683,eez,2026-08-28T05:01:48.482487+00:00
413336820,LONG    XIN     99,cargo,,413,China,中國,12,critical,1,5.4,1.3,1,taiwan-penghu-kinmen-matsu-no-2-tpkm2;taiwan-penghu-kinmen-matsu-no-3-tpkm3,0.0,0,0,深滬灣/圍頭東 Shenhu,2026-08-30T15:52:29.078583+00:00,,,3.5,,24.874878,119.056493,eez,2026-08-30T21:44:18.641860+00:00
413369010,SHENFENGZHIHUA,cargo,,413,China,中國,12,critical,1,0,,0,taiwan-penghu-kinmen-matsu-no-2-tpkm2;taiwan-penghu-kinmen-matsu-no-3-tpkm3,6.6,0,0,泉州 Quanzhou,2026-08-22T03:12:11.129638+00:00,,,51.3,,27.658953,121.146813,eez,2026-08-24T12:36:58.122132+00:00
413377790,ZHONG HAI YOU 528,tanker,,413,China,中國,12,critical,1,28.0,0.3,1,taiwan-penghu-kinmen-matsu-no-3-tpkm3;taiwan-strait-express-1-tse-1,0.0,0,0,福州馬尾 Fuzhou-Mawei,2026-08-20T09:24:24.533721+00:00,,,239.5,,25.960538,119.807212,eez,2026-08-30T12:03:28.899785+00:00
413499380,YI HAI SHEN ZHOU,cargo,,413,China,中國,12,critical,1,11.2,0.7,0,taiwan-penghu-kinmen-matsu-no-3-tpkm3,5.7,0,0,,,,,528.3,未觀測到靠港,26.078613,120.275213,eez,2026-08-31T04:58:30.564755+00:00
413511880,JIA HONG 33,cargo,,413,China,中國,12,critical,1,24.2,0.4,1,taiwan-penghu-kinmen-matsu-no-2-tpkm2;taiwan-penghu-kinmen-matsu-no-3-tpkm3,0.0,0,0,湄洲灣泉港 Meizhouwan,2026-08-25T12:38:09.106164+00:00,,,131.3,,25.077507,118.984107,eez,2026-08-31T01:00:40.959031+00:00
413534920,FEI HONG DA 17,cargo,,413,China,中國,12,critical,1,5.9,0.1,0,apcn-2;southeast-asia-japan-cable-sjc;taiwan-penghu-kinmen-matsu-no-3-tpkm3,0.0,0,0,廈門 Xiamen,2026-08-30T00:54:50.080310+00:00,汕頭港外 Shantou-appr,2026-08-30T15:52:29.078583+00:00,9.2,,23.217483,116.768432,eez,2026-08-30T15:52:29.078583+00:00
413701730,XIN HUA TAI,cargo,,413,China,中國,12,critical,1,47.0,0.2,0,taiwan-penghu-kinmen-matsu-no-3-tpkm3,8.1,0,0,,,,,547.5,未觀測到靠港,26.404517,119.934367,eez,2026-08-31T04:58:30.564755+00:00
413704770,KAI  JIA,cargo,,413,China,中國,12,critical,1,35.3,0.0,0,taiwan-penghu-kinmen-matsu-no-2-tpkm2;taiwan-penghu-kinmen-matsu-no-3-tpkm3;taiwan-strait-express-1-tse-1,0.0,0,0,,,,,187.5,未觀測到靠港,23.401843,117.16044,eez,2026-08-16T04:56:33.847620+00:00
413856666,MINJINYU08596,fishing,,413,China,中國,12,critical,1,6.0,3.7,1,taiwan-penghu-kinmen-matsu-no-2-tpkm2;taiwan-penghu-kinmen-matsu-no-3-tpkm3,0.0,0,0,深滬灣/圍頭東 Shenhu,2026-08-20T19:29:37.080779+00:00,,,214.1,,24.35846,118.73324,eez,2026-08-29T21:24:09.012880+00:00
416000014,EC649,fishing,,416,Taiwan,台灣,12,critical,1,4.1,0.3,0,taiwan-penghu-kinmen-matsu-no-2-tpkm2;taiwan-penghu-kinmen-matsu-no-3-tpkm3,0.0,0,0,台北港 Taipei,2026-08-29T13:14:06.253758+00:00,鳥嶼漁港 Niaoyu,2026-08-30T14:06:31.206236+00:00,0.0,,23.641997,119.647125,internal_waters,2026-08-30T14:06:31.206236+00:00
416000963,JIN YOUNG FA 86,fishing,,416,Taiwan,台灣,12,critical,1,8.3,2.0,0,h2-cable;hong-kong-americas-hka;pacific-light-cable-network-plcn,0.0,0,0,大溪漁港 Daxi,2026-08-18T01:55:46.727923+00:00,大溪漁港 Daxi,2026-08-30T05:34:21.607312+00:00,267.0,,24.934677,121.91191,internal_waters,2026-08-30T05:34:21.607312+00:00
416005379,YI DA NO.10,fishing,,416,Taiwan,台灣,12,critical,1,6.3,3.6,0,apcn-2;faster;southeast-asia-japan-cable-2-sjc2,0.0,0,0,正濱漁港 Zhengbin,2026-08-31T01:00:40.959031+00:00,,,0.0,,25.559508,121.865673,territorial_sea,2026-08-31T04:58:30.564755+00:00
416005558,QUAN JIA FU 128,fishing,,416,Taiwan,台灣,12,critical,1,6.4,2.2,0,apcn-2;e2a;h2-cable,0.0,0,0,長潭里漁港 Changtanli,2026-08-29T21:24:09.012880+00:00,,,1.8,,25.168655,121.837633,internal_waters,2026-08-30T15:52:29.078583+00:00
416068856,CTR-TT0144,fishing,,416,Taiwan,台灣,12,critical,1,9.2,0.0,2,asia-united-gateway-east-aug-east,0.0,0,0,伽藍漁港 Fugang,2026-08-30T14:06:31.206236+00:00,,,0.0,,22.33954,120.894503,internal_waters,2026-08-30T15:52:29.078583+00:00
431172000,DIONE LEADER,cargo,,431,Japan,日本,12,critical,1,9.3,2.2,0,flag-north-asia-loopreach-north-asia-loop;seamewe-3;southeast-asia-japan-cable-2-sjc2,0.0,0,0,,,,,62.0,未觀測到靠港,26.642532,122.037457,eez,2026-08-10T23:25:57.749336+00:00
441701000,SM LONG BEACH,cargo,,441,South Korea,韓國,12,critical,1,11.3,1.0,0,apcn-2,0.0,1,0,,,,,54.9,未觀測到靠港,27.092133,121.564933,eez,2026-08-10T12:54:36.212410+00:00
477252900,HUA SHENG HAI,cargo,,477,Hong Kong,香港,12,critical,1,42.3,0.1,0,apcn-2;e2a;taiwan-penghu-kinmen-matsu-no-3-tpkm3,0.0,0,0,台北港 Taipei,2026-08-29T18:01:43.259492+00:00,,,20.9,,23.398147,117.778047,eez,2026-08-30T18:16:08.308925+00:00
511101561,DATU HONOR,cargo,,511,Palau,帛琉,12,critical,1,18.0,0.3,1,taiwan-matsu-no-4;taiwan-penghu-kinmen-matsu-no-2-tpkm2;taiwan-penghu-kinmen-matsu-no-3-tpkm3,0.0,1,0,,,,,339.9,未觀測到靠港,26.14715,120.725283,eez,2026-08-28T21:39:12.654619+00:00
511102021,SUPERNOVA,cargo,,511,Palau,帛琉,12,critical,1,42.1,0.4,0,eac-c2c;taiwan-penghu-kinmen-matsu-no-3-tpkm3;taiwan-strait-express-1-tse-1,0.0,1,0,台北港 Taipei,2026-08-11T15:51:35.152222+00:00,,,467.1,,26.025925,122.088923,contiguous_zone,2026-08-31T04:58:30.564755+00:00
511456000,BROADVIEW,tanker,,511,Palau,帛琉,12,critical,1,0,,0,,22.4,1,0,,,,,547.5,未觀測到靠港,22.71167,120.173067,internal_waters,2026-08-31T04:58:30.564755+00:00
538007622,NAVIOS VERDE,cargo,,538,Marshall Islands,馬紹爾群島,12,critical,1,11.3,2.4,0,apcn-2;eac-c2c;southeast-asia-japan-cable-2-sjc2,0.0,0,0,基隆港 Keelung,2026-08-24T15:29:51.857744+00:00,,,16.0,,23.525518,118.221613,eez,2026-08-25T09:25:20.380906+00:00
538008720,SM SANTOS,cargo,,538,Marshall Islands,馬紹爾群島,12,critical,1,7.2,1.2,0,taiwan-matsu-no-4;taiwan-penghu-kinmen-matsu-no-2-tpkm2;taiwan-penghu-kinmen-matsu-no-3-tpkm3,0.0,0,0,,,,,275.9,未觀測到靠港,22.9562,117.728762,eez,2026-08-19T21:21:16.928605+00:00
538010784,TS QINGDAO,cargo,,538,Marshall Islands,馬紹爾群島,12,critical,1,4.0,2.2,0,apcn-2;seamewe-3;taiwan-matsu-no-4,0.0,0,0,,,,,376.6,未觀測到靠港,23.021977,117.538378,eez,2026-08-24T02:03:27.398663+00:00
538010792,TS JOHOR,cargo,,538,Marshall Islands,馬紹爾群島,12,critical,1,3.5,1.3,0,apcn-2;southeast-asia-japan-cable-2-sjc2;taiwan-penghu-kinmen-matsu-no-3-tpkm3,0.0,0,0,台中港 Taichung,2026-08-20T15:28:31.485559+00:00,,,196.3,,25.99948,121.453433,eez,2026-08-28T21:39:12.654619+00:00
563149800,KOTA CAHAYA,cargo,,563,Singapore,新加坡,12,critical,1,29.3,1.1,0,apcn-2;southeast-asia-japan-cable-sjc;taiwan-strait-express-1-tse-1,0.0,0,0,,,,,347.7,未觀測到靠港,22.901015,117.34837,eez,2026-08-22T21:12:40.405287+00:00
563159700,WAN HAI 295,cargo,,563,Singapore,新加坡,12,critical,1,9.0,0.0,0,eac-c2c;taiwan-penghu-kinmen-matsu-no-3-tpkm3;trans-pacific-express-tpe-cable-system,0.0,0,0,台北港 Taipei,2026-08-30T05:34:21.607312+00:00,,,3.8,,25.333418,121.116038,contiguous_zone,2026-08-30T15:52:29.078583+00:00
563181800,XING LE HAI,cargo,,563,Singapore,新加坡,12,critical,1,28.2,1.0,0,apcn-2;h2-cable;orca,9.6,0,0,,,,,237.7,未觀測到靠港,22.393157,122.476575,eez,2026-08-18T07:11:52.708160+00:00
563274600,SALERNO EXPRESS,cargo,,563,Singapore,新加坡,12,critical,1,8.2,2.1,0,apcn-2;southeast-asia-japan-cable-sjc;taiwan-strait-express-1-tse-1,0.0,0,0,,,,,402.6,未觀測到靠港,22.926152,117.42015,eez,2026-08-25T04:05:56.477331+00:00
564882000,NEXUS,tanker,,564,Singapore,新加坡,12,critical,1,15.5,0.0,1,flag-europe-asia-fea;flag-north-asia-loopreach-north-asia-loop;taiwan-strait-express-1-tse-1,0.0,0,0,台北港 Taipei,2026-08-26T05:01:47.083353+00:00,,,80.1,,21.571322,119.948637,eez,2026-08-29T14:05:09.589216+00:00
577323000,FA ZHAN,cargo,,577,Vanuatu,萬那杜,12,critical,1,300.8,0.3,2,taiwan-penghu-kinmen-matsu-no-3-tpkm3,22.4,1,0,,,,,547.5,未觀測到靠港,22.978418,120.173605,internal_waters,2026-08-31T04:58:30.564755+00:00
577377000,HARVEST,cargo,,577,Vanuatu,萬那杜,12,critical,1,446.0,0.1,0,apcn-2;taiwan-penghu-kinmen-matsu-no-3-tpkm3,19.6,1,0,,,,,482.1,未觀測到靠港,21.842955,119.966858,eez,2026-08-28T11:34:06.990542+00:00
592924841,A1=?A1=?A1=?A1=?A1=?,unknown,,592,Unknown,未知,12,critical,1,3.5,0.2,1,taiwan-penghu-kinmen-matsu-no-3-tpkm3,0.0,1,0,東港鹽埔漁港 Donggang,2026-08-18T09:23:02.107013+00:00,,,3.5,,23.516927,119.634272,internal_waters,2026-08-30T00:54:50.080310+00:00
6008905,60089-5          7V2,unknown,,600,Unknown,未知,12,critical,1,31.1,1.1,2,taiwan-penghu-kinmen-matsu-no-3-tpkm3,0.0,1,0,,,,,267.0,未觀測到靠港,26.29957,120.38505,eez,2026-08-31T04:58:30.564755+00:00
620999951,NEPTUNE,cargo,,620,Comoros,葛摩,12,critical,1,210.7,0.6,0,eac-c2c;taiwan-penghu-kinmen-matsu-no-3-tpkm3;taiwan-strait-express-1-tse-1,0.0,1,0,,,,,547.5,未觀測到靠港,23.938107,119.985143,internal_waters,2026-08-31T04:58:30.564755+00:00
620999970,OCEAN ANGELA,cargo,,620,Comoros,葛摩,12,critical,1,447.4,0.0,2,taiwan-penghu-kinmen-matsu-no-3-tpkm3,22.4,1,0,,,,,547.5,未觀測到靠港,22.967728,120.171437,internal_waters,2026-08-31T04:58:30.564755+00:00
636015516,KOTA PRIMROSE,cargo,,636,Liberia,賴比瑞亞,12,critical,1,10.7,2.1,0,eac-c2c;seamewe-3;taiwan-strait-express-1-tse-1,0.0,0,0,,,,,520.1,未觀測到靠港,23.524287,118.249717,eez,2026-08-30T18:16:08.308925+00:00
636023535,WAN HAI 613,cargo,,636,Liberia,賴比瑞亞,12,critical,1,15.3,1.6,0,seamewe-3;taiwan-matsu-no-4;taiwan-penghu-kinmen-matsu-no-3-tpkm3,0.0,0,0,,,,,123.5,未觀測到靠港,22.652102,116.831943,eez,2026-08-13T12:56:17.228249+00:00
667001488,GRAND FUTURE,tanker,,667,Sierra Leone,獅子山,12,critical,1,0,,0,taiwan-penghu-kinmen-matsu-no-2-tpkm2,13.6,1,0,台中港 Taichung,2026-08-12T23:31:05.672455+00:00,,,434.5,,24.272677,120.507733,internal_waters,2026-08-31T04:58:30.564755+00:00
